resource,service,id_field,name_field,id_prefix,arn_field,arn_type,arn_separator,global_resource,has_arn,strategy
access-analyzer-finding,accessanalyzer,id,resourceType,,,,/,false,true,construct
account,account,account_id,account_name,,,,/,true,true,construct
acm-certificate,acm,CertificateArn,DomainName,,,certificate,/,false,true,construct
advisor-check,support,checkId,checkId,,,checks,/,false,true,construct
airflow,mwaa,Name,Name,,Arn,environment,/,false,true,field
alarm,cloudwatch,AlarmName,AlarmName,,AlarmArn,alarm,/,false,true,field
ami,ec2,ImageId,Name,ami-,,image,/,false,true,construct
apigw-domain-name,apigateway,domainName,domainName,,,/domainnames,/,false,true,construct
apigwv2,apigatewayv2,ApiId,name,,,/apis,/,false,true,construct
apigwv2-stage,apigatewayv2,StageName,StageName,,,/apis,/,false,true,construct
app-elb,elbv2,LoadBalancerArn,LoadBalancerName,,LoadBalancerArn,loadbalancer/app,/,false,true,field
app-elb-target-group,elbv2,TargetGroupArn,TargetGroupName,,,target-group,/,false,true,construct
app-flow,appflow,flowName,flowName,,flowArn,flow,/,false,true,field
appdiscovery-agent,discovery,agentId,hostName,,,,/,false,false,none
appmesh-mesh,appmesh,meshName,meshName,,arn,mesh,/,false,true,field
appmesh-virtual-gateway,appmesh,meshName,virtualGatewayName,,metadata.arn,mesh,/,false,true,field
appstream-fleet,appstream,Name,Name,,Arn,fleet,/,false,true,field
appstream-stack,appstream,Name,Name,,Arn,stack,/,false,true,field
artifact-domain,codeartifact,name,name,,arn,,/,false,true,field
artifact-repo,codeartifact,name,name,,arn,,/,false,true,field
asg,autoscaling,AutoScalingGroupName,AutoScalingGroupName,,AutoScalingGroupARN,autoScalingGroup,:,false,true,field
athena-named-query,athena,NamedQueryId,Name,,,,/,false,false,none
backup-plan,backup,BackupPlanName,BackupPlanId,,BackupPlanArn,,/,false,true,field
backup-vault,backup,BackupVaultName,BackupVaultName,,BackupVaultArn,backup-vault,/,false,true,field
batch-compute,batch,computeEnvironmentName,computeEnvironmentName,,computeEnvironmentArn,compute-environment,/,false,true,field
batch-definition,batch,jobDefinitionName,jobDefinitionName,,jobDefinitionArn,job-definition,/,false,true,field
batch-queue,batch,jobQueueName,jobQueueName,,jobQueueArn,job-queue,/,false,true,field
bedrock-agent,bedrock-agent,agentId,agentName,,agentArn,,/,false,true,field
bedrock-custom-model,bedrock,modelArn,modelName,,modelArn,,/,false,true,field
bedrock-customization-job,bedrock,jobArn,jobName,,jobArn,,/,false,true,field
bedrock-knowledge-base,bedrock-agent,knowledgeBaseId,name,,knowledgeBaseArn,,/,false,true,field
budget,budgets,BudgetName,BudgetName,,,budget,/,true,true,construct
cache-cluster,elasticache,CacheClusterId,CacheClusterId,,,cluster,:,false,true,construct
cache-snapshot,elasticache,SnapshotName,SnapshotName,,,snapshot,:,false,true,construct
cache-subnet-group,elasticache,CacheSubnetGroupName,CacheSubnetGroupName,,,subnetgroup,/,false,true,construct
catalog-portfolio,servicecatalog,Id,DisplayName,,ARN,portfolio,/,false,true,field
catalog-product,servicecatalog,ProductId,Name,,ProductARN,product,/,false,true,field
cfn,cloudformation,StackName,StackName,,,stack,/,false,true,construct
cloud-directory,clouddirectory,DirectoryArn,Name,,DirectoryArn,directory,/,false,true,field
cloudhsm-cluster,cloudhsmv2,ClusterId,ClusterId,,,cluster,/,false,true,construct
cloudsearch,cloudsearch,DomainName,DomainName,,,domain,/,false,true,construct
cloudtrail,cloudtrail,TrailARN,Name,,TrailARN,trail,/,false,true,field
cloudwatch-dashboard,cloudwatch,DashboardName,DashboardName,,DashboardArn,dashboard,/,false,true,field
codebuild,codebuild,name,name,,arn,project,/,false,true,field
codecommit,codecommit,repositoryName,repositoryName,,Arn,,/,false,true,field
codedeploy-app,codedeploy,applicationName,applicationName,,,application,:,false,true,construct
codedeploy-deployment,codedeploy,deploymentId,deploymentId,,,deploymentgroup,/,false,true,construct
codedeploy-group,codedeploy,deploymentGroupId,deploymentGroupName,,,deploymentgroup,:,false,true,construct
codepipeline,codepipeline,name,name,,,,/,false,true,construct
composite-alarm,cloudwatch,AlarmName,AlarmName,,AlarmArn,alarm,/,false,true,field
config-recorder,config,name,name,,,,/,false,false,none
config-rule,config,ConfigRuleName,ConfigRuleName,,ConfigRuleArn,config-rule,/,false,true,field
connect-campaign,connectcampaigns,id,name,,,campaign,/,false,true,construct
connect-instance,connect,Id,InstanceAlias,,,instance,/,false,true,construct
customer-gateway,ec2,CustomerGatewayId,CustomerGatewayId,cgw-,,customer-gateway,/,false,true,construct
datalake-location,lakeformation,ResourceArn,ResourceArn,,ResourceArn,,/,false,true,field
datapipeline,datapipeline,pipelineId,name,,,pipeline,/,false,true,construct
datasync-agent,datasync,AgentArn,Name,,AgentArn,agent,/,false,true,field
datasync-task,datasync,TaskArn,Name,,TaskArn,task,/,false,true,field
dax,dax,ClusterName,ClusterName,,ClusterArn,cache,/,false,true,field
devicefarm-project,devicefarm,arn,name,,arn,project,/,false,true,field
directconnect,directconnect,connectionId,connectionName,,,dxcon,/,false,true,construct
directory,ds,DirectoryId,Name,,,directory,/,false,true,construct
distribution,cloudfront,Id,DomainName,,ARN,distribution,/,true,true,field
dlm-policy,dlm,PolicyId,PolicyId,,PolicyArn,policy,/,false,true,field
dms-endpoint,dms,EndpointArn,EndpointIdentifier,,EndpointArn,endpoint,/,false,true,field
dms-instance,dms,ReplicationInstanceIdentifier,ReplicationInstanceIdentifier,,ReplicationInstanceArn,rep,/,false,true,field
dms-replication-task,dms,ReplicationTaskArn,ReplicationTaskIdentifier,,ReplicationTaskArn,task,/,false,true,field
dynamodb-backup,dynamodb,BackupArn,BackupName,,BackupArn,,/,false,true,field
dynamodb-stream,dynamodbstreams,StreamArn,TableName,,StreamArn,stream,/,false,true,field
dynamodb-table,dynamodb,TableName,TableName,,TableArn,table,/,false,true,field
ebs,ec2,VolumeId,VolumeId,vol-,,volume,/,false,true,construct
ebs-snapshot,ec2,SnapshotId,SnapshotId,snap-,,snapshot,/,false,true,construct
ec2,ec2,InstanceId,PublicDnsName,i-,,instance,/,false,true,construct
ec2-capacity-reservation,ec2,CapacityReservationId,CapacityReservationId,cr-,CapacityReservationArn,,/,false,true,field
ec2-host,ec2,HostId,HostId,h-,,dedicated-host,/,false,true,construct
ec2-reserved,ec2,ReservedInstancesId,ReservedInstancesId,,,reserved-instances,/,false,true,construct
ec2-spot-fleet-request,ec2,SpotFleetRequestId,SpotFleetRequestId,sfr-,,spot-fleet-request,/,false,true,construct
ecr,ecr,repositoryName,repositoryName,,repositoryArn,repository,/,false,true,field
ecr-image,ecr,imageDigest,repositoryName,,imageArn,repository,/,false,true,field
ecs,ecs,clusterArn,clusterName,,clusterArn,cluster,/,false,true,field
ecs-container-instance,ecs,containerInstanceArn,containerInstanceArn,,containerInstanceArn,,/,false,true,field
ecs-service,ecs,serviceArn,serviceName,,serviceArn,,/,false,true,field
ecs-task,ecs,taskArn,taskArn,,taskArn,task,/,false,true,field
ecs-task-definition,ecs,taskDefinitionArn,taskDefinitionArn,,taskDefinitionArn,task-definition,/,false,true,field
efs,efs,FileSystemId,Name,,FileSystemArn,file-system,/,false,true,field
efs-mount-target,efs,MountTargetId,MountTargetId,,,,/,false,false,none
eks,eks,name,name,,arn,cluster,/,false,true,field
eks-nodegroup,eks,nodegroupArn,nodegroupName,,nodegroupArn,nodegroup,/,false,true,field
elastic-ip,ec2,AllocationId,PublicIp,eipalloc-,,elastic-ip,/,false,true,construct
elasticache-group,elasticache,ReplicationGroupId,ReplicationGroupId,,,replicationgroup,:,false,true,construct
elasticbeanstalk,elasticbeanstalk,ApplicationName,ApplicationName,,ApplicationArn,application,/,false,true,field
elasticbeanstalk-environment,elasticbeanstalk,EnvironmentName,EnvironmentName,,EnvironmentArn,environment,/,false,true,field
elasticsearch,es,DomainName,Name,,ARN,domain,/,false,true,field
elasticsearch-reserved,es,ReservedElasticsearchInstanceId,ReservedElasticsearchInstanceId,,,reserved-instances,/,false,true,construct
elb,elb,LoadBalancerName,DNSName,,,loadbalancer,/,false,true,construct
emr,emr,Id,Name,,,emr,/,false,true,construct
emr-security-configuration,emr,Name,Name,,,emr,/,false,true,construct
emr-serverless-app,emr-serverless,id,name,,arn,/applications,/,false,true,field
eni,ec2,NetworkInterfaceId,NetworkInterfaceId,eni-,,network-interface,/,false,true,construct
event-bus,events,Name,Name,,Arn,event-bus,/,false,true,field
event-rule,events,Name,Name,,,rule,/,false,true,construct
event-rule-target,events,Id,Id,,,event-rule-target,/,false,false,none
firehose,firehose,DeliveryStreamName,DeliveryStreamName,,,deliverystream,/,false,true,construct
firewall,network-firewall,FirewallName,FirewallName,,FirewallArn,firewall,/,false,true,field
fis-experiment,fis,id,id,,,experiment,/,false,true,construct
fis-template,fis,id,id,,,experiment-template,/,false,true,construct
flow-log,ec2,FlowLogId,FlowLogId,fl-,,vpc-flow-log,/,false,true,construct
fsx,fsx,FileSystemId,FileSystemId,,ResourceARN,,/,false,true,field
fsx-backup,fsx,BackupId,BackupId,,ResourceARN,,/,false,true,field
gamelift-build,gamelift,BuildId,Name,,,,/,false,false,none
gamelift-fleet,gamelift,FleetId,Name,,FleetArn,,/,false,true,field
glacier,glacier,VaultName,VaultName,,VaultARN,vaults,/,false,true,field
glue-catalog,glue,CatalogId,CatalogId,,,catalog,/,false,true,construct
glue-classifier,glue,Name,Name,,,classifier,/,false,true,construct
glue-connection,glue,Name,Name,,,connection,/,false,true,construct
glue-crawler,glue,Name,Name,,,crawler,/,false,true,construct
glue-database,glue,Name,Name,,,database,/,false,true,construct
glue-dev-endpoint,glue,EndpointName,EndpointName,,,devEndpoint,/,false,true,construct
glue-job,glue,Name,Name,,,job,/,false,true,construct
glue-ml-transform,glue,TransformId,Name,,,mlTransform,/,false,true,construct
glue-security-configuration,glue,Name,Name,,,securityConfiguration,/,false,true,construct
glue-table,glue,Name,Name,,,table,/,false,true,construct
glue-trigger,glue,Name,Name,,,trigger,/,false,true,construct
glue-workflow,glue,Name,Name,,,workflow,/,false,true,construct
graphql-api,appsync,apiId,name,,arn,apis,/,false,true,field
guardduty-finding,guardduty,AccountId,Description,,Arn,finding,/,false,true,field
health-event,health,arn,eventTypeCode,,arn,event,/,true,true,field
healthcheck,route53,Id,Id,,,healthcheck,/,true,true,construct
hostedzone,route53,Id,Name,,,hostedzone,/,true,true,construct
hsm,cloudhsm,HsmArn,Name,,HsmArn,cluster,/,false,true,field
hsm-client,cloudhsm,ClientArn,Label,,ClientArn,,/,false,true,field
hsm-hapg,cloudhsm,HapgArn,HapgSerial,,HapgArn,,/,false,true,field
iam-certificate,iam,ServerCertificateName,ServerCertificateName,,,server-certificate,/,true,true,construct
iam-group,iam,GroupName,GroupName,,Arn,group,/,true,true,field
iam-oidc-provider,iam,Arn,Arn,,Arn,oidc-provider,/,true,true,field
iam-policy,iam,PolicyId,PolicyName,,Arn,policy,/,true,true,field
iam-profile,iam,InstanceProfileName,InstanceProfileName,,Arn,instance-profile,/,true,true,field
iam-role,iam,RoleName,RoleName,,Arn,role,/,true,true,field
iam-saml-provider,iam,Arn,Arn,,Arn,saml-provider,/,true,true,field
iam-user,iam,UserName,UserName,,Arn,user,/,true,true,field
identity-pool,cognito-identity,IdentityPoolId,IdentityPoolName,,,identitypool,/,false,true,construct
insight-rule,cloudwatch,Name,Name,,,insight-rule,/,false,true,construct
inspector2-finding,inspector2,findingArn,title,,findingArn,finding,/,false,true,field
internet-gateway,ec2,InternetGatewayId,InternetGatewayId,igw-,,internet-gateway,/,false,true,construct
iot,iot,thingName,thingName,,thingArn,,/,false,true,field
kafka,kafka,ClusterArn,ClusterName,,ClusterArn,,/,false,true,field
key-pair,ec2,KeyPairId,KeyName,key-,,key-pair,/,false,true,construct
kinesis,kinesis,StreamName,StreamName,,,stream,/,false,true,construct
kinesis-analytics,kinesisanalytics,ApplicationARN,ApplicationName,,ApplicationARN,application,/,false,true,field
kinesis-analyticsv2,kinesisanalyticsv2,ApplicationARN,ApplicationName,,ApplicationARN,application,/,false,true,field
kinesis-video,kinesisvideo,StreamName,StreamName,,StreamARN,stream,/,false,true,field
kms,kms,AliasArn,AliasName,,,alias,/,false,true,construct
kms-key,kms,KeyId,KeyId,,Arn,key,/,false,true,field
lambda,lambda,FunctionName,FunctionName,,FunctionArn,function,:,false,true,field
lambda-layer,lambda,LayerName,LayerName,,LayerVersionArn,layer,/,false,true,field
launch-config,autoscaling,LaunchConfigurationName,LaunchConfigurationName,,,launchConfiguration,/,false,true,construct
launch-template-version,ec2,LaunchTemplateId,LaunchTemplateName,lt-,,launch-template,/,false,true,construct
lex-bot,lex-models,name,name,,,bot,/,false,true,construct
lightsail-db,lightsail,arn,name,,arn,,/,false,true,field
lightsail-elb,lightsail,arn,name,,arn,,/,false,true,field
lightsail-instance,lightsail,arn,name,,arn,,/,false,true,field
log-group,logs,logGroupName,logGroupName,,arn,log-group,/,false,true,field
log-metric,logs,filterName,filterName,,,,/,false,false,none
message-broker,mq,BrokerId,BrokerName,,BrokerArn,,/,false,true,field
message-config,mq,Id,Name,,Arn,configuration,/,false,true,field
mirror-session,ec2,TrafficMirrorSessionId,TrafficMirrorSessionId,tms-,,traffic-mirror-session,/,false,true,construct
mirror-target,ec2,TrafficMirrorTargetId,TrafficMirrorTargetId,tmt-,,traffic-mirror-target,/,false,true,construct
ml-model,machinelearning,MLModelId,Name,,,mlmodel,/,false,true,construct
nat-gateway,ec2,NatGatewayId,NatGatewayId,nat-,,natgateway,/,false,true,construct
network-acl,ec2,NetworkAclId,NetworkAclId,acl-,,network-acl,/,false,true,construct
opensearch-serverless,opensearchserverless,id,name,,arn,arn,/,false,true,field
ops-item,ssm,OpsItemId,Title,,,opsitem,/,false,true,construct
opswork-cm,opsworkscm,ServerName,ServerName,,ServerArn,,/,false,true,field
opswork-stack,opsworks,StackId,Name,,Arn,,/,false,true,field
org-account,organizations,Id,Name,,Arn,account,/,true,true,field
org-policy,organizations,Id,Name,,Arn,policy,/,true,true,field
org-unit,organizations,Id,Name,,Arn,ou,/,true,true,field
peering-connection,ec2,VpcPeeringConnectionId,VpcPeeringConnectionId,pcx-,,vpc-peering-connection,/,false,true,construct
pinpoint-app,pinpoint,Id,Name,,Arn,apps,/,false,true,field
prefix-list,ec2,PrefixListId,PrefixListName,pl-,,prefix-list,/,false,true,construct
qldb,qldb,Name,Name,,,ledger,/,false,true,construct
quicksight-group,quicksight,GroupName,GroupName,,Arn,group,/,false,true,field
quicksight-user,quicksight,UserName,UserName,,Arn,user,/,false,true,field
r53domain,route53domains,DomainName,DomainName,,,r53domain,/,false,true,construct
rds,rds,DBInstanceIdentifier,Endpoint.Address,,DBInstanceArn,db,:,false,true,field
rds-cluster,rds,DBClusterIdentifier,DBClusterIdentifier,,DBClusterArn,cluster,:,false,true,field
rds-cluster-param-group,rds,DBClusterParameterGroupName,DBClusterParameterGroupName,,DBClusterParameterGroupArn,cluster-pg,/,false,true,field
rds-cluster-snapshot,rds,DBClusterSnapshotIdentifier,DBClusterSnapshotIdentifier,,DBClusterSnapshotArn,cluster-snapshot,:,false,true,field
rds-param-group,rds,DBParameterGroupName,DBParameterGroupName,,DBParameterGroupArn,pg,/,false,true,field
rds-proxy,rds,DBProxyName,DBProxyName,,DBProxyArn,db-proxy,/,false,true,field
rds-reserved,rds,ReservedDBInstanceId,ReservedDBInstanceId,,ReservedDBInstanceArn,ri,/,false,true,field
rds-snapshot,rds,DBSnapshotIdentifier,DBSnapshotIdentifier,,,snapshot,:,false,true,construct
rds-subnet-group,rds,DBSubnetGroupName,DBSubnetGroupName,,,subgrp,:,false,true,construct
rds-subscription,rds,CustSubscriptionId,CustSubscriptionId,,EventSubscriptionArn,es,/,false,true,field
readiness-check,route53-recovery-readiness,ReadinessCheckName,ReadinessCheckName,,,readiness-check,/,true,true,construct
recovery-cluster,route53-recovery-control-config,ClusterArn,ClusterArn,,,cluster,/,true,true,construct
recovery-control-panel,route53-recovery-control-config,ControlPanelArn,ControlPanelArn,,,controlpanel,/,true,true,construct
redshift,redshift,ClusterIdentifier,ClusterIdentifier,,,cluster,:,false,true,construct
redshift-reserved,redshift,ReservedNodeId,ReservedNodeId,,,reserved-nodes,/,false,true,construct
redshift-snapshot,redshift,SnapshotIdentifier,SnapshotIdentifier,,,snapshot,:,false,true,construct
redshift-subnet-group,redshift,ClusterSubnetGroupName,ClusterSubnetGroupName,,,subnetgroup,:,false,true,construct
resolver-logs,route53resolver,Id,Name,,,resolver-query-log-config,/,false,true,construct
rest-account,apigateway,account_id,account_id,,,,/,false,false,none
rest-api,apigateway,id,name,,,/restapis,/,false,true,construct
rest-client-certificate,apigateway,clientCertificateId,client_certificate_id,,,,/,false,true,construct
rest-resource,apigateway,id,path,,,,/,false,true,construct
rest-stage,apigateway,deploymentId,stageName,,,stages,/,false,true,construct
rest-vpclink,apigateway,id,name,,,,/,false,true,construct
route-table,ec2,RouteTableId,RouteTableId,rtb-,,route-table,/,false,true,construct
rrset,route53,Name,Name,,,rrset,/,true,true,construct
s3,s3,Name,Name,,,,/,false,true,construct
s3-access-point,s3control,Name,Name,,AccessPointArn,accesspoint,/,false,true,field
s3-access-point-multi,s3control,Name,Name,,,accesspoint,/,false,true,construct
s3-directory,s3,Name,Name,,,bucket,/,false,true,construct
s3-storage-lens,s3control,Id,Id,,StorageLensArn,storage-lens,/,false,true,field
sagemaker-endpoint,sagemaker,EndpointArn,EndpointName,,EndpointArn,,/,false,true,field
sagemaker-endpoint-config,sagemaker,EndpointConfigArn,EndpointConfigName,,EndpointConfigArn,,/,false,true,field
sagemaker-job,sagemaker,TrainingJobArn,TrainingJobName,,TrainingJobArn,,/,false,true,field
sagemaker-model,sagemaker,ModelArn,ModelName,,ModelArn,,/,false,true,field
sagemaker-notebook,sagemaker,NotebookInstanceArn,NotebookInstanceName,,NotebookInstanceArn,,/,false,true,field
sagemaker-transform-job,sagemaker,TransformJobArn,TransformJobName,,TransformJobArn,transform-job,/,false,true,field
scaling-policy,autoscaling,PolicyName,PolicyName,,,scalingPolicy,/,false,true,construct
secrets-manager,secretsmanager,Name,Name,,ARN,,/,false,true,field
security-group,ec2,GroupId,GroupName,sg-,,security-group,/,false,true,construct
securityhub-finding,securityhub,Id,ProductName,,,,/,false,false,none
serverless-app,serverlessrepo,ApplicationId,Name,,ApplicationId,,/,false,true,field
service-quota,service-quotas,QuotaCode,QuotaName,,QuotaArn,,/,false,true,field
service-quota-request,service-quotas,Id,Id,,,request,/,false,true,construct
ses-configuration-set,ses,Name,Name,,,configuration-set,/,false,true,construct
ses-email-identity,sesv2,IdentityName,IdentityName,,,identity,/,false,true,construct
ses-receipt-rule-set,ses,Name,Name,,,receipt-rule-set,/,false,true,construct
shield-attack,shield,AttackId,AttackId,,,,/,false,false,none
shield-protection,shield,Id,Name,,,,/,false,false,none
simpledb,sdb,DomainName,DomainName,,,domain,/,false,true,construct
snowball,snowball,JobId,Description,,,,/,false,false,none
snowball-cluster,snowball,ClusterId,Description,,,,/,false,false,none
sns,sns,TopicArn,DisplayName,,,,/,false,true,construct
sns-subscription,sns,SubscriptionArn,SubscriptionArn,,SubscriptionArn,,/,false,true,field
sqs,sqs,QueueUrl,QueueUrl,,QueueArn,,/,false,true,field
ssm-activation,ssm,ActivationId,Description,,,,/,false,false,none
ssm-data-sync,ssm,SyncName,SyncName,,,resource-data-sync,/,false,true,construct
ssm-document,ssm,Name,Name,,,document,/,false,true,construct
ssm-managed-instance,ssm,InstanceId,Name,,,managed-instance,/,false,true,construct
ssm-parameter,ssm,Name,Name,,,parameter,/,false,true,construct
ssm-patch-group,ssm,PatchGroup,PatchGroup,,,,/,false,false,none
ssm-session-manager,ssm,SessionId,SessionId,,,session,/,false,true,construct
step-machine,stepfunctions,stateMachineArn,name,,stateMachineArn,stateMachine,/,false,true,field
storage-gateway,storagegateway,GatewayARN,GatewayName,,GatewayARN,gateway,/,false,true,field
streaming-distribution,cloudfront,Id,DomainName,,ARN,streaming-distribution,/,false,true,field
subnet,ec2,SubnetId,SubnetId,subnet-,,subnet,/,false,true,construct
support-case,support,caseId,displayId,,,,/,true,false,none
swf-domain,swf,name,name,,arn,,/,false,true,field
timestream-database,timestream-write,Arn,DatabaseName,,Arn,,/,false,true,field
timestream-table,timestream-write,Arn,TableName,,Arn,,/,false,true,field
transfer-server,transfer,ServerId,ServerId,,,server,/,false,true,construct
transfer-user,transfer,UserName,UserName,,Arn,user,/,false,true,field
transit-attachment,ec2,TransitGatewayAttachmentId,TransitGatewayAttachmentId,tgw-attach-,,,/,false,false,none
transit-gateway,ec2,TransitGatewayId,TransitGatewayId,tgw-,TransitGatewayArn,,/,false,true,field
user-pool,cognito-idp,Id,Name,,Arn,userpool,/,false,true,field
vpc,ec2,VpcId,VpcId,vpc-,,vpc,/,false,true,construct
vpc-endpoint,ec2,VpcEndpointId,VpcEndpointId,vpce-,,vpc-endpoint,/,false,true,construct
vpn-connection,ec2,VpnConnectionId,VpnConnectionId,vpn-,,vpn-connection,/,false,true,construct
vpn-gateway,ec2,VpnGatewayId,VpnGatewayId,vgw-,,vpn-gateway,/,false,true,construct
waf,waf,WebACLId,Name,,,webacl,/,true,true,construct
waf-regional,waf-regional,WebACLId,Name,,WebACLArn,webacl,/,false,true,field
wafv2,wafv2,Id,Name,,ARN,webacl,/,false,true,field
workspaces,workspaces,WorkspaceId,WorkspaceId,,,workspace,/,false,true,construct
workspaces-directory,workspaces,DirectoryId,DirectoryName,,,directory,/,false,true,construct
workspaces-image,workspaces,ImageId,ImageId,,,workspaceimage,/,false,true,construct
workspaces-web,workspaces-web,portalArn,displayName,,portalArn,portal,/,false,true,field
xray-group,xray,GroupName,GroupName,,GroupARN,group,/,false,true,field
xray-rule,xray,RuleName,RuleName,,RuleARN,sampling-rule,/,false,true,field
