source_resource,source_path,path_kind,target_resource,edge_type,source,confidence,evidence,needs_validation,also_declared_by
airflow,KmsKey,scalar,kms-key,encrypted-by,c7n,high,aws.airflow.filters.kms-key,false,
ami,BlockDeviceMappings[].Ebs.SnapshotId,list_dict,ebs-snapshot,created-from,doc,medium,ec2.DescribeImages: 'snapshot',true,
app-elb,SecurityGroups[],list_scalar,security-group,protected-by,c7n,high,aws.app-elb.filters.security-group,false,
app-elb,AvailabilityZones[].SubnetId,list_dict,subnet,contained-in,c7n,high,aws.app-elb.filters.subnet,false,"asff,doc"
app-elb,VpcId,scalar,vpc,contained-in,c7n,high,aws.app-elb.filters.vpc,false,"asff,doc"
app-elb-target-group,VpcId,scalar,vpc,contained-in,doc,medium,elbv2.DescribeTargetGroups: 'VPC for the targets',true,
appstream-fleet,IamRoleArn,scalar,iam-role,assumes,doc,medium,appstream.DescribeFleets: 'IAM role that is applied to the fleet',true,
asg,Instances[].InstanceId,list_dict,ec2,references,doc,medium,autoscaling.DescribeAutoScalingGroups: 'instance',true,
asg,,,security-group,protected-by,c7n,declared-no-path,aws.asg.filters.security-group,true,
backup-vault,EncryptionKeyArn,scalar,kms-key,encrypted-by,c7n,high,aws.backup-vault.filters.kms-key,false,
batch-compute,computeResources.securityGroupIds[],list_scalar,security-group,protected-by,c7n,high,aws.batch-compute.filters.security-group,false,
batch-compute,computeResources.subnets[],list_scalar,subnet,contained-in,c7n,high,aws.batch-compute.filters.subnet,false,
bedrock-agent,customerEncryptionKeyArn,scalar,kms-key,encrypted-by,c7n,high,aws.bedrock-agent.filters.kms-key,false,
bedrock-custom-model,modelKmsKeyArn,scalar,kms-key,encrypted-by,c7n,high,aws.bedrock-custom-model.filters.kms-key,false,
bedrock-customization-job,outputModelKmsKeyArn,scalar,kms-key,encrypted-by,c7n,high,aws.bedrock-customization-job.filters.kms-key,false,
cache-cluster,SecurityGroups[].SecurityGroupId,list_dict,security-group,protected-by,c7n,high,aws.cache-cluster.filters.security-group,false,
cache-cluster,,,subnet,contained-in,c7n,declared-no-path,aws.cache-cluster.filters.subnet,true,
cache-snapshot,KmsKeyId,scalar,kms-key,encrypted-by,doc,medium,elasticache.DescribeSnapshots: 'KMS key used to encrypt the snapshot',true,
cache-subnet-group,Subnets[].SubnetIdentifier,list_dict,subnet,contained-in,doc,medium,elasticache.DescribeCacheSubnetGroups: 'subnet',true,
cache-subnet-group,Subnets[].SubnetOutpost.SubnetOutpostArn,list_dict,subnet,contained-in,doc,medium,elasticache.DescribeCacheSubnetGroups: 'subnet',true,
cloudhsm-cluster,,,subnet,contained-in,c7n,declared-no-path,aws.cloudhsm-cluster.filters.subnet,true,
codebuild,vpcConfig.securityGroupIds[],list_scalar,security-group,protected-by,c7n,high,aws.codebuild.filters.security-group,false,
codebuild,vpcConfig.subnets[],list_scalar,subnet,contained-in,c7n,high,aws.codebuild.filters.subnet,false,
codebuild,VpcConfig.VpcId,dotted,vpc,contained-in,asff,medium,securityhub.GetFindings: 'VPC',true,
codebuild,vpcConfig.vpcId,dotted,vpc,contained-in,c7n,high,aws.codebuild.filters.vpc,false,
connect-campaign,connectInstanceConfig.encryptionConfig.keyArn,dotted,kms-key,encrypted-by,c7n,high,aws.connect-campaign.filters.kms-key,false,
dax,SecurityGroups[].SecurityGroupIdentifier,list_dict,security-group,protected-by,c7n,high,aws.dax.filters.security-group,false,
dax,,,subnet,contained-in,c7n,declared-no-path,aws.dax.filters.subnet,true,
devicefarm-project,vpcConfig.vpcId,dotted,vpc,contained-in,doc,medium,devicefarm.ListProjects: 'Amazon VPC',true,
directory,VpcSettings.SecurityGroupId,dotted,security-group,protected-by,c7n,high,aws.directory.filters.security-group,false,
directory,VpcSettings.SubnetIds,dotted,subnet,contained-in,c7n,high,aws.directory.filters.subnet,false,
directory,ConnectSettings.VpcId,dotted,vpc,contained-in,doc,medium,ds.DescribeDirectories: 'VPC that the AD Connector is in',true,
directory,OwnerDirectoryDescription.VpcSettings.VpcId,dotted,vpc,contained-in,doc,medium,ds.DescribeDirectories: 'VPC that the directory is in',true,
directory,VpcSettings.VpcId,dotted,vpc,contained-in,c7n,high,aws.directory.filters.vpc,false,doc
dms-instance,KmsKeyId,scalar,kms-key,encrypted-by,c7n,high,aws.dms-instance.filters.kms-key,false,
dms-instance,VpcSecurityGroups[].VpcSecurityGroupId,list_dict,security-group,protected-by,c7n,high,aws.dms-instance.filters.security-group,false,
dms-instance,ReplicationSubnetGroup.Subnets[].SubnetIdentifier,list_dict,subnet,contained-in,c7n,high,aws.dms-instance.filters.subnet,false,
dms-instance,ReplicationSubnetGroup.VpcId,dotted,vpc,contained-in,c7n,high,aws.dms-instance.filters.vpc,false,doc
dynamodb-table,definitions.SSESpecificationKMSMasterKeyId.anyOf[2],dotted,kms,references,cfn,high,AWS::DynamoDB::Table/definitions/SSESpecification/properties/KMSMasterKeyId/anyOf[2],true,
dynamodb-table,SSEDescription.KMSMasterKeyArn,dotted,kms-key,encrypted-by,c7n,high,aws.dynamodb-table.filters.kms-key,false,
dynamodb-table,SseDescription.KmsMasterKeyArn,dotted,kms-key,encrypted-by,asff,medium,securityhub.GetFindings: 'KMS key that is used for the KMS encryption',true,
dynamodb-table,definitions.SSESpecificationKMSMasterKeyId.anyOf[0],dotted,kms-key,encrypted-by,cfn,high,AWS::DynamoDB::Table/definitions/SSESpecification/properties/KMSMasterKeyId/anyOf[0],true,
dynamodb-table,definitions.SSESpecificationKMSMasterKeyId.anyOf[1],dotted,kms-key,encrypted-by,cfn,high,AWS::DynamoDB::Table/definitions/SSESpecification/properties/KMSMasterKeyId/anyOf[1],true,
ebs,SnapshotId,scalar,ebs-snapshot,created-from,hand,high,hand-authored from API response shape,true,
ebs,Attachments[].InstanceId,list_dict,ec2,attached-to,hand,high,hand-authored from API response shape,true,"asff,doc"
ebs,KmsKeyId,scalar,kms-key,encrypted-by,hand,high,hand-authored from API response shape,true,
ebs-snapshot,VolumeId,scalar,ebs,attached-to,c7n,high,aws.ebs-snapshot.filters.volume,false,doc
ec2,ImageId,scalar,ami,launched-from,hand,high,hand-authored from API response shape,true,"asff,doc"
ec2,BlockDeviceMappings[].Ebs.VolumeId,list_dict,ebs,attached-to,hand,high,hand-authored from API response shape,true,doc
ec2,NetworkInterfaces[].Attachment.AttachmentId,list_dict,eni,attached-to,doc,medium,ec2.DescribeInstances: 'network interface attachment',true,
ec2,NetworkInterfaces[].NetworkInterfaceId,list_dict,eni,attached-to,hand,high,hand-authored from API response shape,true,"asff,doc"
ec2,IamInstanceProfile.Arn,dotted,iam-profile,assumes,hand,high,hand-authored from API response shape,true,
ec2,Placement.GroupId,dotted,placement-group,references,doc,medium,ec2.DescribeInstances: 'placement group that the instance is in',true,
ec2,Placement.GroupName,dotted,placement-group,references,doc,medium,ec2.DescribeInstances: 'placement group that the instance is in',true,
ec2,Groups[].GroupId,list_dict,security-group,protected-by,doc,medium,ec2.DescribeInstances: 'security group',true,
ec2,Groups[].GroupName,list_dict,security-group,protected-by,doc,medium,ec2.DescribeInstances: 'security group',true,
ec2,NetworkInterfaces[].Groups[].GroupId,list_nested,security-group,protected-by,c7n,high,aws.ec2.filters.security-group,false,doc
ec2,NetworkInterfaces[].Groups[].GroupName,list_nested,security-group,protected-by,doc,medium,ec2.DescribeInstances: 'security group',true,
ec2,SecurityGroups[].GroupId,list_dict,security-group,protected-by,doc,medium,ec2.DescribeInstances: 'security group',true,
ec2,SecurityGroups[].GroupName,list_dict,security-group,protected-by,doc,medium,ec2.DescribeInstances: 'security group',true,
ec2,NetworkInterfaces[].SubnetId,list_dict,subnet,contained-in,c7n,high,aws.ec2.filters.subnet,false,doc
ec2,SubnetId,scalar,subnet,contained-in,asff,high,securityhub.GetFindings: 'subnet that the instance was launched in',true,doc
ec2,NetworkInterfaces[].VpcId,list_dict,vpc,contained-in,doc,medium,ec2.DescribeInstances: 'VPC',true,
ec2,VpcId,scalar,vpc,contained-in,c7n,high,aws.ec2.filters.vpc,false,"asff,doc"
ec2-spot-fleet-request,SpotFleetRequestConfig.LaunchSpecifications[].ImageId,list_dict,ami,launched-from,doc,medium,ec2.DescribeSpotFleetRequests: 'AMI',true,
ec2-spot-fleet-request,SpotFleetRequestConfig.LaunchSpecifications[].BlockDeviceMappings[].Ebs.SnapshotId,list_nested,ebs-snapshot,created-from,doc,medium,ec2.DescribeSpotFleetRequests: 'snapshot',true,
ec2-spot-fleet-request,SpotFleetRequestConfig.LaunchSpecifications[].NetworkInterfaces[].NetworkInterfaceId,list_nested,eni,attached-to,doc,medium,ec2.DescribeSpotFleetRequests: 'network interface',true,
ec2-spot-fleet-request,SpotFleetRequestConfig.LaunchSpecifications[].Placement.GroupName,list_dict,placement-group,references,doc,medium,ec2.DescribeSpotFleetRequests: 'placement group',true,
ec2-spot-fleet-request,SpotFleetRequestConfig.LaunchSpecifications[].SecurityGroups[].GroupId,list_nested,security-group,protected-by,doc,medium,ec2.DescribeSpotFleetRequests: 'security group',true,
ec2-spot-fleet-request,SpotFleetRequestConfig.LaunchSpecifications[].SecurityGroups[].GroupName,list_nested,security-group,protected-by,doc,medium,ec2.DescribeSpotFleetRequests: 'security group',true,
ec2-spot-fleet-request,SpotFleetRequestConfig.LaunchSpecifications[].NetworkInterfaces[].SubnetId,list_nested,subnet,contained-in,doc,medium,ec2.DescribeSpotFleetRequests: 'subnet associated with the network interface',true,
ec2-spot-fleet-request,SpotFleetRequestConfig.LaunchSpecifications[].SubnetId,list_dict,subnet,contained-in,doc,medium,ec2.DescribeSpotFleetRequests: 'subnets in which to launch the instances',true,
ec2-spot-fleet-request,SpotFleetRequestConfig.LaunchTemplateConfigs[].Overrides[].SubnetId,list_nested,subnet,contained-in,doc,medium,ec2.DescribeSpotFleetRequests: 'subnet in which to launch the instances',true,
ecs-container-instance,attributes[?name == 'ecs.subnet-id'].value[],list_scalar,subnet,contained-in,c7n,high,aws.ecs-container-instance.filters.subnet,false,
ecs-service,,,security-group,protected-by,c7n,declared-no-path,aws.ecs-service.filters.security-group,true,
ecs-service,,,subnet,contained-in,c7n,declared-no-path,aws.ecs-service.filters.subnet,true,
ecs-task,,,security-group,protected-by,c7n,declared-no-path,aws.ecs-task.filters.security-group,true,
ecs-task,attachments[].details[?name == 'subnetId'].value[],list_nested,subnet,contained-in,c7n,high,aws.ecs-task.filters.subnet,false,
efs,KmsKeyId,scalar,kms-key,encrypted-by,c7n,high,aws.efs.filters.kms-key,false,
efs-mount-target,,,security-group,protected-by,c7n,declared-no-path,aws.efs-mount-target.filters.security-group,true,
efs-mount-target,SubnetId,scalar,subnet,contained-in,c7n,high,aws.efs-mount-target.filters.subnet,false,
eks,encryptionConfig[].provider.keyArn,list_dict,kms-key,encrypted-by,c7n,high,aws.eks.filters.kms-key,false,
eks,resourcesVpcConfig.securityGroupIds[],list_scalar,security-group,protected-by,c7n,high,aws.eks.filters.security-group,false,
eks,resourcesVpcConfig.subnetIds[],list_scalar,subnet,contained-in,c7n,high,aws.eks.filters.subnet,false,
eks,resourcesVpcConfig.vpcId,dotted,vpc,contained-in,c7n,high,aws.eks.filters.vpc,false,
elastic-ip,InstanceId,scalar,ec2,references,asff,high,securityhub.GetFindings: 'EC2 instance',true,doc
elastic-ip,NetworkInterfaceId,scalar,eni,attached-to,asff,high,securityhub.GetFindings: 'network interface',true,doc
elasticache-group,KmsKeyId,scalar,kms-key,encrypted-by,c7n,high,aws.elasticache-group.filters.kms-key,false,
elasticsearch,EncryptionAtRestOptions.KmsKeyId,dotted,kms-key,encrypted-by,c7n,high,aws.elasticsearch.filters.kms-key,false,
elasticsearch,VPCOptions.SecurityGroupIds[],list_scalar,security-group,protected-by,c7n,high,aws.elasticsearch.filters.security-group,false,
elasticsearch,VPCOptions.SubnetIds[],list_scalar,subnet,contained-in,c7n,high,aws.elasticsearch.filters.subnet,false,
elasticsearch,VPCOptions.VPCId,dotted,vpc,contained-in,c7n,high,aws.elasticsearch.filters.vpc,false,asff
elb,SecurityGroups[],list_scalar,security-group,protected-by,c7n,high,aws.elb.filters.security-group,false,
elb,SourceSecurityGroup.GroupName,dotted,security-group,protected-by,asff,high,securityhub.GetFindings: 'security group',true,doc
elb,Subnets[],list_scalar,subnet,contained-in,c7n,high,aws.elb.filters.subnet,false,
elb,VPCId,scalar,vpc,contained-in,c7n,high,aws.elb.filters.vpc,false,doc
elb,VpcId,scalar,vpc,contained-in,asff,medium,securityhub.GetFindings: 'VPC for the load balancer',true,
emr,,,security-group,protected-by,c7n,declared-no-path,aws.emr.filters.security-group,true,
emr,Ec2InstanceAttributes.RequestedEc2SubnetIds[],list_scalar,subnet,contained-in,c7n,high,aws.emr.filters.subnet,false,
eni,Attachment.InstanceId,dotted,ec2,attached-to,hand,high,hand-authored from API response shape,true,"asff,doc"
eni,Groups[].GroupId,list_dict,security-group,protected-by,c7n,high,aws.eni.filters.security-group,false,doc
eni,Groups[].GroupName,list_dict,security-group,protected-by,doc,medium,ec2.DescribeNetworkInterfaces: 'security group',true,
eni,SecurityGroups[].GroupId,list_dict,security-group,protected-by,asff,medium,securityhub.GetFindings: 'security group',true,
eni,SecurityGroups[].GroupName,list_dict,security-group,protected-by,asff,medium,securityhub.GetFindings: 'security group',true,
eni,SubnetId,scalar,subnet,contained-in,c7n,high,aws.eni.filters.subnet,false,doc
eni,VpcId,scalar,vpc,contained-in,c7n,high,aws.eni.filters.vpc,false,doc
event-rule,Name,scalar,event-rule-target,references,c7n,high,aws.event-rule.filters.event-rule-target,false,c7n
firehose,definitions.ElasticsearchDestinationConfigurationDomainARN.anyOf[0],dotted,elasticsearch,references,cfn,high,AWS::KinesisFirehose::DeliveryStream/definitions/ElasticsearchDestinationConfiguration/properties/DomainARN/anyOf[0],true,
firehose,definitions.ProcessorParameterParameterValue.anyOf[1],dotted,iam-role,assumes,cfn,high,AWS::KinesisFirehose::DeliveryStream/definitions/ProcessorParameter/properties/ParameterValue/anyOf[1],true,
firehose,DeliveryStreamEncryptionConfiguration.KeyARN,dotted,kms-key,encrypted-by,c7n,high,aws.firehose.filters.kms-key,false,
firehose,definitions.ProcessorParameterParameterValue.anyOf[0],dotted,lambda,references,cfn,high,AWS::KinesisFirehose::DeliveryStream/definitions/ProcessorParameter/properties/ParameterValue/anyOf[0],true,
firehose,definitions.VpcConfigurationSecurityGroupIds.items,dotted,security-group,protected-by,cfn,high,AWS::KinesisFirehose::DeliveryStream/definitions/VpcConfiguration/properties/SecurityGroupIds/items,true,
firehose,definitions.VpcConfigurationSubnetIds.items,dotted,subnet,contained-in,cfn,high,AWS::KinesisFirehose::DeliveryStream/definitions/VpcConfiguration/properties/SubnetIds/items,true,
firewall,SubnetMappings[].SubnetId,list_dict,subnet,contained-in,c7n,high,aws.firewall.filters.subnet,false,
firewall,VpcId,scalar,vpc,contained-in,c7n,high,aws.firewall.filters.vpc,false,asff
fsx,AdministrativeActions[].TargetSnapshotValues.VolumeId,list_dict,ebs,attached-to,doc,medium,fsx.DescribeFileSystems: 'volume that the snapshot is of',true,
fsx,AdministrativeActions[].TargetVolumeValues.VolumeId,list_dict,ebs,attached-to,doc,medium,fsx.DescribeFileSystems: 'volume',true,
fsx,AdministrativeActions[].TargetSnapshotValues.SnapshotId,list_dict,ebs-snapshot,created-from,doc,medium,fsx.DescribeFileSystems: 'snapshot',true,
fsx,AdministrativeActions[].TargetFileSystemValues.KmsKeyId,list_dict,kms-key,encrypted-by,doc,medium,fsx.DescribeFileSystems: 'Key Management Service',true,
fsx,KmsKeyId,scalar,kms-key,encrypted-by,c7n,high,aws.fsx.filters.kms-key,false,doc
fsx,SubnetIds[],list_scalar,subnet,contained-in,c7n,high,aws.fsx.filters.subnet,false,
fsx,AdministrativeActions[].TargetFileSystemValues.VpcId,list_dict,vpc,contained-in,doc,medium,fsx.DescribeFileSystems: 'primary virtual private cloud',true,
fsx,VpcId,scalar,vpc,contained-in,doc,medium,fsx.DescribeFileSystems: 'primary virtual private cloud',true,
fsx-backup,FileSystem.AdministrativeActions[].TargetSnapshotValues.VolumeId,list_dict,ebs,attached-to,doc,medium,fsx.DescribeBackups: 'volume that the snapshot is of',true,
fsx-backup,FileSystem.AdministrativeActions[].TargetVolumeValues.VolumeId,list_dict,ebs,attached-to,doc,medium,fsx.DescribeBackups: 'volume',true,
fsx-backup,Volume.AdministrativeActions[].TargetSnapshotValues.VolumeId,list_dict,ebs,attached-to,doc,medium,fsx.DescribeBackups: 'volume that the snapshot is of',true,
fsx-backup,Volume.AdministrativeActions[].TargetVolumeValues.VolumeId,list_dict,ebs,attached-to,doc,medium,fsx.DescribeBackups: 'volume',true,
fsx-backup,Volume.VolumeId,dotted,ebs,attached-to,doc,medium,fsx.DescribeBackups: 'volume',true,
fsx-backup,FileSystem.AdministrativeActions[].TargetSnapshotValues.SnapshotId,list_dict,ebs-snapshot,created-from,doc,medium,fsx.DescribeBackups: 'snapshot',true,
fsx-backup,Volume.AdministrativeActions[].TargetSnapshotValues.SnapshotId,list_dict,ebs-snapshot,created-from,doc,medium,fsx.DescribeBackups: 'snapshot',true,
fsx-backup,FileSystem.AdministrativeActions[].TargetFileSystemValues.KmsKeyId,list_dict,kms-key,encrypted-by,doc,medium,fsx.DescribeBackups: 'Key Management Service',true,
fsx-backup,FileSystem.KmsKeyId,dotted,kms-key,encrypted-by,doc,medium,fsx.DescribeBackups: 'Key Management Service',true,
fsx-backup,KmsKeyId,scalar,kms-key,encrypted-by,c7n,high,aws.fsx-backup.filters.kms-key,false,doc
fsx-backup,Volume.AdministrativeActions[].TargetFileSystemValues.KmsKeyId,list_dict,kms-key,encrypted-by,doc,medium,fsx.DescribeBackups: 'Key Management Service',true,
fsx-backup,FileSystem.AdministrativeActions[].TargetFileSystemValues.VpcId,list_dict,vpc,contained-in,doc,medium,fsx.DescribeBackups: 'primary virtual private cloud',true,
fsx-backup,FileSystem.VpcId,dotted,vpc,contained-in,doc,medium,fsx.DescribeBackups: 'primary virtual private cloud',true,
fsx-backup,Volume.AdministrativeActions[].TargetFileSystemValues.VpcId,list_dict,vpc,contained-in,doc,medium,fsx.DescribeBackups: 'primary virtual private cloud',true,
glue-catalog,,,kms-key,encrypted-by,c7n,declared-no-path,aws.glue-catalog.filters.kms-key,true,
glue-connection,PhysicalConnectionRequirements.SecurityGroupIdList[],list_scalar,security-group,protected-by,c7n,high,aws.glue-connection.filters.security-group,false,
glue-connection,PhysicalConnectionRequirements.SubnetId,dotted,subnet,contained-in,c7n,high,aws.glue-connection.filters.subnet,false,
glue-crawler,CrawlerSecurityConfiguration,scalar,glue-security-configuration,references,c7n,high,aws.glue-crawler.filters.security-config,false,
glue-dev-endpoint,SecurityConfiguration,scalar,glue-security-configuration,references,c7n,high,aws.glue-dev-endpoint.filters.security-config,false,
glue-dev-endpoint,SubnetId,scalar,subnet,contained-in,c7n,high,aws.glue-dev-endpoint.filters.subnet,false,
glue-dev-endpoint,VpcId,scalar,vpc,contained-in,doc,medium,glue.GetDevEndpoints: 'virtual private cloud',true,
glue-job,SecurityConfiguration,scalar,glue-security-configuration,references,c7n,high,aws.glue-job.filters.security-config,false,
glue-ml-transform,TransformEncryption.MlUserDataEncryption.KmsKeyId,dotted,kms-key,encrypted-by,doc,medium,glue.GetMLTransforms: 'customer-provided KMS key',true,
glue-security-configuration,,,kms-key,encrypted-by,c7n,declared-no-path,aws.glue-security-configuration.filters.kms-key,true,
glue-workflow,SecurityConfiguration,scalar,glue-security-configuration,references,c7n,high,aws.glue-workflow.filters.security-config,false,
inspector2-finding,resources[].details.awsEc2Instance.subnetId,list_dict,subnet,contained-in,doc,medium,inspector2.ListFindings: 'Amazon EC2 instance',true,
inspector2-finding,resources[].details.awsEc2Instance.vpcId,list_dict,vpc,contained-in,doc,medium,inspector2.ListFindings: 'Amazon EC2 instance',true,
inspector2-finding,resources[].details.awsLambdaFunction.vpcConfig.vpcId,list_dict,vpc,contained-in,doc,medium,inspector2.ListFindings: 'VPC',true,
internet-gateway,Attachments[].VpcId,list_dict,vpc,attached-to,hand,high,hand-authored from API response shape,true,doc
kafka,Provisioned.EncryptionInfo.EncryptionAtRest.DataVolumeKMSKeyId,dotted,kms-key,encrypted-by,c7n,high,aws.kafka.filters.kms-key,false,
kafka,BrokerNodeGroupInfo.SecurityGroups[],list_scalar,security-group,protected-by,c7n,high,aws.kafka.filters.security-group,false,
kafka,compound,scalar,subnet,contained-in,c7n,high,aws.kafka.filters.subnet,false,
kinesis,KeyId,scalar,kms-key,encrypted-by,c7n,high,aws.kinesis.filters.kms-key,false,
kinesis,definitions.StreamEncryptionKeyId.anyOf[0],dotted,kms-key,encrypted-by,cfn,high,AWS::Kinesis::Stream/definitions/StreamEncryption/properties/KeyId/anyOf[0],true,
kinesis,definitions.StreamEncryptionKeyId.anyOf[1],dotted,kms-key,encrypted-by,cfn,high,AWS::Kinesis::Stream/definitions/StreamEncryption/properties/KeyId/anyOf[1],true,
kinesis-analyticsv2,ApplicationConfigurationDescription.VpcConfigurationDescriptions[].SubnetIds[],list_nested,subnet,contained-in,c7n,high,aws.kinesis-analyticsv2.filters.subnet,false,
kinesis-video,KmsKeyId,scalar,kms-key,encrypted-by,c7n,high,aws.kinesis-video.filters.kms-key,false,doc
kms,TargetKeyId,scalar,kms-key,encrypted-by,doc,medium,kms.ListAliases: 'KMS key associated with the alias',true,
lambda,Role,scalar,iam-role,assumes,hand,high,hand-authored from API response shape,true,
lambda,KMSKeyArn,scalar,kms-key,encrypted-by,c7n,high,aws.lambda.filters.kms-key,false,
lambda,VpcConfig.SecurityGroupIds[],list_scalar,security-group,protected-by,c7n,high,aws.lambda.filters.security-group,false,
lambda,VpcConfig.SubnetIds[],list_scalar,subnet,contained-in,c7n,high,aws.lambda.filters.subnet,false,
lambda,VpcConfig.VpcId,dotted,vpc,contained-in,c7n,high,aws.lambda.filters.vpc,false,"asff,doc"
launch-config,ImageId,scalar,ami,launched-from,asff,high,securityhub.GetFindings: 'Amazon Machine Image',true,doc
launch-config,BlockDeviceMappings[].Ebs.SnapshotId,list_dict,ebs-snapshot,created-from,asff,high,securityhub.GetFindings: 'volume to use',true,doc
launch-config,SecurityGroups.items.anyOf[0],dotted,security-group,protected-by,cfn,high,AWS::AutoScaling::LaunchConfiguration/properties/SecurityGroups/items/anyOf[0],true,
launch-config,SecurityGroups.items.anyOf[1],dotted,security-group,protected-by,cfn,high,AWS::AutoScaling::LaunchConfiguration/properties/SecurityGroups/items/anyOf[1],true,
log-group,kmsKeyId,scalar,kms-key,encrypted-by,c7n,high,aws.log-group.filters.kms-key,false,
log-metric,logGroupName,scalar,log-group,references,doc,medium,logs.DescribeMetricFilters: 'log group',true,
message-broker,EncryptionOptions.KmsKeyId,dotted,kms-key,encrypted-by,c7n,high,aws.message-broker.filters.kms-key,false,
message-broker,SecurityGroups[],list_scalar,security-group,protected-by,c7n,high,aws.message-broker.filters.security-group,false,
message-broker,SubnetIds[],list_scalar,subnet,contained-in,c7n,high,aws.message-broker.filters.subnet,false,
nat-gateway,SubnetId,scalar,subnet,contained-in,hand,high,hand-authored from API response shape,true,doc
nat-gateway,VpcId,scalar,vpc,contained-in,doc,medium,ec2.DescribeNatGateways: 'VPC in which the NAT gateway is located',true,
network-acl,Associations[].SubnetId,list_dict,subnet,contained-in,c7n,high,aws.network-acl.filters.subnet,false,doc
network-acl,VpcId,scalar,vpc,contained-in,asff,high,securityhub.GetFindings: 'VPC for the network ACL',true,doc
peering-connection,AccepterVpcInfo.VpcId,dotted,vpc,contained-in,asff,high,securityhub.GetFindings: 'VPC',true,doc
peering-connection,RequesterVpcInfo.VpcId,dotted,vpc,contained-in,asff,high,securityhub.GetFindings: 'VPC',true,doc
rds,ActivityStreamKmsKeyId,scalar,kms-key,encrypted-by,doc,medium,rds.DescribeDBInstances: 'KMS key',true,
rds,KmsKeyId,scalar,kms-key,encrypted-by,hand,high,hand-authored from API response shape,true,"asff,doc"
rds,PerformanceInsightsKMSKeyId,scalar,kms-key,encrypted-by,doc,medium,rds.DescribeDBInstances: 'KMS key',true,
rds,DBSubnetGroup.DBSubnetGroupName,dotted,rds-subnet-group,references,doc,medium,rds.DescribeDBInstances: 'DB subnet group',true,
rds,DbSubnetGroup.DbSubnetGroupArn,dotted,rds-subnet-group,references,asff,medium,securityhub.GetFindings: 'subnet group',true,
rds,DbSubnetGroup.DbSubnetGroupName,dotted,rds-subnet-group,references,asff,medium,securityhub.GetFindings: 'subnet group',true,
rds,VpcSecurityGroups[].VpcSecurityGroupId,list_dict,security-group,protected-by,c7n,high,aws.rds.filters.security-group,false,"asff,doc"
rds,DBSubnetGroup.Subnets[].SubnetIdentifier,list_dict,subnet,contained-in,c7n,high,aws.rds.filters.subnet,false,doc
rds,DBSubnetGroup.VpcId,dotted,vpc,contained-in,c7n,high,aws.rds.filters.vpc,false,
rds,DbSubnetGroup.VpcId,dotted,vpc,contained-in,asff,medium,securityhub.GetFindings: 'subnet group',true,
rds-cluster,AssociatedRoles[].RoleArn,list_dict,iam-role,assumes,asff,medium,securityhub.GetFindings: 'IAM role',true,
rds-cluster,ActivityStreamKmsKeyId,scalar,kms-key,encrypted-by,doc,medium,rds.DescribeDBClusters: 'KMS key',true,
rds-cluster,KmsKeyId,scalar,kms-key,encrypted-by,c7n,high,aws.rds-cluster.filters.kms-key,false,doc
rds-cluster,PerformanceInsightsKMSKeyId,scalar,kms-key,encrypted-by,doc,medium,rds.DescribeDBClusters: 'KMS key',true,
rds-cluster,VpcSecurityGroups[].VpcSecurityGroupId,list_dict,security-group,protected-by,c7n,high,aws.rds-cluster.filters.security-group,false,"asff,doc"
rds-cluster,,,subnet,contained-in,c7n,declared-no-path,aws.rds-cluster.filters.subnet,true,
rds-cluster-snapshot,KmsKeyId,scalar,kms-key,encrypted-by,doc,medium,rds.DescribeDBClusterSnapshots: 'encrypted DB cluster snapshot',true,
rds-proxy,VpcSecurityGroupIds[],list_scalar,security-group,protected-by,c7n,high,aws.rds-proxy.filters.security-group,false,
rds-proxy,VpcSubnetIds[],list_scalar,subnet,contained-in,c7n,high,aws.rds-proxy.filters.subnet,false,
rds-proxy,VpcId,scalar,vpc,contained-in,c7n,high,aws.rds-proxy.filters.vpc,false,doc
rds-snapshot,KmsKeyId,scalar,kms-key,encrypted-by,doc,medium,rds.DescribeDBSnapshots: 'encrypted DB snapshot',true,
rds-snapshot,DBInstanceIdentifier,scalar,rds,references,c7n,high,aws.rds-snapshot.filters.instance,false,
rds-subnet-group,Subnets[].SubnetIdentifier,list_dict,subnet,contained-in,doc,medium,rds.DescribeDBSubnetGroups: 'subnet',true,
redshift,IamRoles.items,dotted,iam-role,assumes,cfn,high,AWS::Redshift::Cluster/properties/IamRoles/items,true,
redshift,IamRoles[].IamRoleArn,list_dict,iam-role,assumes,asff,medium,securityhub.GetFindings: 'IAM role',true,
redshift,KmsKeyId,scalar,kms-key,encrypted-by,c7n,high,aws.redshift.filters.kms-key,false,
redshift,KmsKeyId.anyOf[0],dotted,kms-key,encrypted-by,cfn,high,AWS::Redshift::Cluster/properties/KmsKeyId/anyOf[0],true,
redshift,KmsKeyId.anyOf[1],dotted,kms-key,encrypted-by,cfn,high,AWS::Redshift::Cluster/properties/KmsKeyId/anyOf[1],true,
redshift,MasterPasswordSecretKmsKeyId,scalar,kms-key,encrypted-by,doc,medium,redshift.DescribeClusters: 'Key Management Service',true,
redshift,MasterPasswordSecretKmsKeyId.anyOf[0],dotted,kms-key,encrypted-by,cfn,high,AWS::Redshift::Cluster/properties/MasterPasswordSecretKmsKeyId/anyOf[0],true,
redshift,MasterPasswordSecretKmsKeyId.anyOf[1],dotted,kms-key,encrypted-by,cfn,high,AWS::Redshift::Cluster/properties/MasterPasswordSecretKmsKeyId/anyOf[1],true,
redshift,ClusterSecurityGroups.items.anyOf[0],dotted,security-group,protected-by,cfn,high,AWS::Redshift::Cluster/properties/ClusterSecurityGroups/items/anyOf[0],true,
redshift,VpcSecurityGroups[].VpcSecurityGroupId,list_dict,security-group,protected-by,c7n,high,aws.redshift.filters.security-group,false,"asff,doc"
redshift,,,subnet,contained-in,c7n,declared-no-path,aws.redshift.filters.subnet,true,
redshift,VpcId,scalar,vpc,contained-in,asff,high,securityhub.GetFindings: 'VPC that the cluster is in',true,doc
redshift,VpcSecurityGroupIds.items,dotted,vpc,contained-in,cfn,high,AWS::Redshift::Cluster/properties/VpcSecurityGroupIds/items,true,
redshift-snapshot,MasterPasswordSecretKmsKeyId,scalar,kms-key,encrypted-by,doc,medium,redshift.DescribeClusterSnapshots: 'Key Management Service',true,
redshift-subnet-group,SubnetIds.items,dotted,subnet,contained-in,cfn,high,AWS::Redshift::ClusterSubnetGroup/properties/SubnetIds/items,true,
redshift-subnet-group,Subnets[].SubnetIdentifier,list_dict,subnet,contained-in,doc,medium,redshift.DescribeClusterSubnetGroups: 'subnet',true,
redshift-subnet-group,VpcId,scalar,vpc,contained-in,doc,medium,redshift.DescribeClusterSubnetGroups: 'cluster subnet group',true,
resolver-logs,ResourceArn,scalar,vpc,contained-in,c7n,high,aws.resolver-logs.filters.is-associated,false,
rest-api,definitions.EndpointConfigurationVpcEndpointIds.items,dotted,vpc-endpoint,references,cfn,high,AWS::ApiGateway::RestApi/definitions/EndpointConfiguration/properties/VpcEndpointIds/items,true,
rest-stage,clientCertificateId,scalar,rest-client-certificate,references,c7n,high,aws.rest-stage.filters.client-certificate,false,
route-table,RouteSet[].NetworkInterfaceId,list_dict,eni,attached-to,asff,medium,securityhub.GetFindings: 'network interface',true,
route-table,Routes[].NetworkInterfaceId,list_dict,eni,attached-to,doc,medium,ec2.DescribeRouteTables: 'network interface',true,
route-table,AssociationSet[].GatewayId,list_dict,internet-gateway,references,asff,medium,securityhub.GetFindings: 'internet gateway or virtual private gateway',true,
route-table,Associations[].GatewayId,list_dict,internet-gateway,references,doc,medium,ec2.DescribeRouteTables: 'internet gateway or virtual private gateway',true,
route-table,AssociationSet[].SubnetId,list_dict,subnet,contained-in,asff,medium,securityhub.GetFindings: 'subnet',true,
route-table,Associations[].SubnetId,list_dict,subnet,contained-in,c7n,high,aws.route-table.filters.subnet,false,doc
route-table,VpcId,scalar,vpc,contained-in,c7n,high,aws.route-table.filters.vpc,false,"asff,doc"
s3,ServerSideEncryptionConfiguration.Rules[].ApplyServerSideEncryptionByDefault.KMSMasterKeyID,list_dict,kms-key,encrypted-by,hand,high,hand-authored from API response shape,true,
s3-directory,definitions.ServerSideEncryptionByDefaultKMSMasterKeyID.anyOf[0],dotted,kms-key,encrypted-by,cfn,high,AWS::S3Express::DirectoryBucket/definitions/ServerSideEncryptionByDefault/properties/KMSMasterKeyID/anyOf[0],true,
s3-directory,definitions.ServerSideEncryptionByDefaultKMSMasterKeyID.anyOf[1],dotted,kms-key,encrypted-by,cfn,high,AWS::S3Express::DirectoryBucket/definitions/ServerSideEncryptionByDefault/properties/KMSMasterKeyID/anyOf[1],true,
sagemaker-endpoint-config,KmsKeyId,scalar,kms-key,encrypted-by,c7n,high,aws.sagemaker-endpoint-config.filters.kms-key,false,
sagemaker-notebook,KmsKeyId,scalar,kms-key,encrypted-by,c7n,high,aws.sagemaker-notebook.filters.kms-key,false,
sagemaker-notebook,SecurityGroups[],list_scalar,security-group,protected-by,c7n,high,aws.sagemaker-notebook.filters.security-group,false,
sagemaker-notebook,SubnetId,scalar,subnet,contained-in,c7n,high,aws.sagemaker-notebook.filters.subnet,false,
secrets-manager,KmsKeyId,scalar,kms-key,encrypted-by,c7n,high,aws.secrets-manager.filters.kms-key,false,
security-group,IpPermissionsEgress[].UserIdGroupPairs[].VpcPeeringConnectionId,list_nested,peering-connection,references,asff,high,securityhub.GetFindings: 'VPC peering connection',true,doc
security-group,IpPermissions[].UserIdGroupPairs[].VpcPeeringConnectionId,list_nested,peering-connection,references,asff,high,securityhub.GetFindings: 'VPC peering connection',true,doc
security-group,IpPermissionsEgress[].UserIdGroupPairs[].VpcId,list_nested,vpc,contained-in,asff,high,securityhub.GetFindings: 'VPC for the referenced security group',true,doc
security-group,IpPermissions[].UserIdGroupPairs[].VpcId,list_nested,vpc,contained-in,asff,high,securityhub.GetFindings: 'VPC for the referenced security group',true,doc
security-group,VpcId,scalar,vpc,contained-in,hand,high,hand-authored from API response shape,true,"asff,doc"
service-quota,QuotaCode,scalar,service-quota-request,references,c7n,high,aws.service-quota.filters.request-history,false,
sns,KmsMasterKeyId,scalar,kms-key,encrypted-by,c7n,high,aws.sns.filters.kms-key,false,
sns-subscription,TopicArn,scalar,sns,references,c7n,high,aws.sns-subscription.filters.topic,false,
sqs,KmsMasterKeyId,scalar,kms-key,encrypted-by,c7n,high,aws.sqs.filters.kms-key,false,
ssm-data-sync,S3Destination.AWSKMSKeyARN,dotted,kms-key,encrypted-by,c7n,high,aws.ssm-data-sync.filters.kms-key,false,
subnet,VpcId,scalar,vpc,contained-in,c7n,high,aws.subnet.filters.vpc,false,"asff,doc,hand"
subnet,SubnetId,scalar,vpc-endpoint,references,c7n,high,aws.subnet.filters.vpc-endpoint,false,
transit-attachment,Association.TransitGatewayRouteTableId,dotted,route-table,references,doc,medium,ec2.DescribeTransitGatewayAttachments: 'route table for the transit gateway',true,
transit-attachment,SubnetIds.items,dotted,subnet,contained-in,cfn,high,AWS::EC2::TransitGatewayAttachment/properties/SubnetIds/items,true,
vpc,[InternetGateways][].InternetGatewayId,list_dict,internet-gateway,references,c7n,high,aws.vpc.filters.internet-gateway,false,
vpc,[NatGateways][].NatGatewayId,list_dict,nat-gateway,references,c7n,high,aws.vpc.filters.nat-gateway,false,
vpc,[SecurityGroups][].GroupId,list_dict,security-group,protected-by,c7n,high,aws.vpc.filters.security-group,false,
vpc,[Subnets][].SubnetId,list_dict,subnet,contained-in,c7n,high,aws.vpc.filters.subnet,false,
vpc,VpcId,scalar,vpc-endpoint,references,c7n,high,aws.vpc.filters.vpc-endpoint,false,
vpc-endpoint,RouteTableIds.items,dotted,route-table,references,cfn,high,AWS::EC2::VPCEndpoint/properties/RouteTableIds/items,true,
vpc-endpoint,Groups[].GroupId,list_dict,security-group,protected-by,c7n,high,aws.vpc-endpoint.filters.security-group,false,doc
vpc-endpoint,Groups[].GroupName,list_dict,security-group,protected-by,doc,medium,ec2.DescribeVpcEndpoints: 'security group',true,
vpc-endpoint,SecurityGroupIds.items.anyOf[0],dotted,security-group,protected-by,cfn,high,AWS::EC2::VPCEndpoint/properties/SecurityGroupIds/items/anyOf[0],true,
vpc-endpoint,SecurityGroupIds.items.anyOf[1],dotted,security-group,protected-by,cfn,high,AWS::EC2::VPCEndpoint/properties/SecurityGroupIds/items/anyOf[1],true,
vpc-endpoint,SubnetIds.items,dotted,subnet,contained-in,cfn,high,AWS::EC2::VPCEndpoint/properties/SubnetIds/items,true,
vpc-endpoint,SubnetIds[],list_scalar,subnet,contained-in,c7n,high,aws.vpc-endpoint.filters.subnet,false,
vpc-endpoint,SecurityGroupIds.items.anyOf[2],dotted,vpc,contained-in,cfn,high,AWS::EC2::VPCEndpoint/properties/SecurityGroupIds/items/anyOf[2],true,
vpc-endpoint,VpcId,scalar,vpc,contained-in,c7n,high,aws.vpc-endpoint.filters.vpc,false,doc
vpn-gateway,VpcAttachments[].VpcId,list_dict,vpc,contained-in,doc,medium,ec2.DescribeVpnGateways: 'VPC',true,
workspaces,VolumeEncryptionKey,scalar,kms-key,encrypted-by,c7n,high,aws.workspaces.filters.kms-key,false,
workspaces,SubnetId,scalar,subnet,contained-in,doc,medium,workspaces.DescribeWorkspaces: 'subnet for the WorkSpace',true,
workspaces-directory,IamRoleId,scalar,iam-role,assumes,doc,medium,workspaces.DescribeWorkspaceDirectories: 'IAM role',true,
workspaces-directory,,,security-group,protected-by,c7n,declared-no-path,aws.workspaces-directory.filters.security-group,true,
workspaces-directory,SubnetIds[],list_scalar,subnet,contained-in,c7n,high,aws.workspaces-directory.filters.subnet,false,
workspaces-image,ImageId,scalar,ami,launched-from,doc,medium,workspaces.DescribeWorkspaceImages: 'image',true,
flow-log,ResourceId,scalar,vpc,contained-in,hand,high,DescribeFlowLogs.ResourceId names the VPC the log observes,true,
flow-log,ResourceId,scalar,subnet,contained-in,hand,high,a flow log can be scoped to a subnet instead of a VPC,true,
route53resolver-config,ResourceId,scalar,vpc,contained-in,hand,high,resolver config is per-VPC; ResourceId is the VPC it configures,true,
asg,VPCZoneIdentifier,scalar,subnet,contained-in,hand,high,VPCZoneIdentifier is the comma-joined list of subnets the group launches into,true,
eks-nodegroup,clusterName,scalar,eks,contained-in,hand,high,"eks.DescribeNodegroup: the cluster this node pool belongs to",true,
eks-nodegroup,resources.autoScalingGroups[].name,list_dict,asg,references,hand,high,"eks.DescribeNodegroup: the scaling group EKS created to hold this pool's instances - the only collected link between a cluster and the EC2 that runs it",true,
eks-nodegroup,subnets[],list_scalar,subnet,contained-in,hand,high,"eks.DescribeNodegroup: the subnets this node pool launches into, which is what makes a cluster span zones",true,
eks-nodegroup,nodeRole,scalar,iam-role,assumes,hand,high,"eks.DescribeNodegroup: the role every node in this pool assumes",true,
eni,Attachment.InstanceId,dotted,ec2,attached-to,hand,high,"ec2.DescribeNetworkInterfaces: an in-use interface names the instance it is attached to - without it, twelve attached interfaces drew as free-floating",true,
elbv2-listener,LoadBalancerArn,scalar,app-elb,attached-to,hand,high,"elbv2.DescribeListeners: a listener belongs to exactly one load balancer and says which in its own payload",true,
step-machine,definition,document,lambda,references,hand,high,"states.DescribeStateMachine: the definition names every resource the workflow invokes; ARNs without an account are service integrations, not members",true,
step-machine,definition,document,sns,references,hand,high,"states.DescribeStateMachine: a workflow that publishes to a topic",true,
step-machine,definition,document,sqs,references,hand,high,"states.DescribeStateMachine: a workflow that enqueues",true,
