provider,resource,service,id,name,date,arn,arn_type,arn_separator,config_type,cfn_type,enum_spec,detail_spec,parent_spec,id_prefix,dimension,global_resource,universal_taggable,default_report_fields,permissions_enum,permission_prefix,class_path
aws,access-analyzer-finding,accessanalyzer,id,resourceType,,,,/,,,"[""list_findings"",""findings"",null]",,,,,False,False,[],"[""access-analyzer:ListAnalyzers"",""access-analyzer:ListFindings""]",access-analyzer,c7n.resources.accessanalyzer.AccessanalyzerFinding
aws,account,account,account_id,account_name,,,,/,,AWS::::Account,,,,,,True,False,[],,,c7n.resources.account.Account
aws,acm-certificate,acm,CertificateArn,DomainName,CreatedAt,,certificate,/,AWS::ACM::Certificate,AWS::CertificateManager::Certificate,"[""list_certificates"",""CertificateSummaryList"",{""Includes"":{""keyTypes"":[""RSA_2048"",""RSA_1024"",""RSA_4096"",""EC_prime256v1"",""EC_secp384r1"",""EC_secp521r1""]}}]","[""describe_certificate"",""CertificateArn"",""CertificateArn"",""Certificate""]",,,,False,<object object at 0x10c946120>,[],,,c7n.resources.acm.Certificate
aws,advisor-check,support,checkId,checkId,,,checks,/,,,"[""describe_trusted_advisor_checks"",""checks"",null]","[""describe_trusted_advisor_check_result"",""checkId"",""id"",""result""]",,,,False,<object object at 0x10f274cb0>,[],,,c7n.resources.support.AdvisorCheck
aws,airflow,mwaa,Name,Name,,Arn,environment,/,,AWS::MWAA::Environment,"[""list_environments"",""Environments"",null]","[""get_environment"",""Name"",null,""Environment""]",,,,False,False,[],,airflow,c7n.resources.airflow.ApacheAirflow
aws,alarm,cloudwatch,AlarmName,AlarmName,AlarmConfigurationUpdatedTimestamp,AlarmArn,alarm,/,AWS::CloudWatch::Alarm,AWS::CloudWatch::Alarm,"[""describe_alarms"",""MetricAlarms"",null]",,,,,False,<object object at 0x10c946f80>,[],,,c7n.resources.cw.Alarm
aws,ami,ec2,ImageId,Name,CreationDate,,image,/,,,"[""describe_images"",""Images"",null]",,,ami-,,False,False,[],,,c7n.resources.ami.AMI
aws,apigw-domain-name,apigateway,domainName,domainName,createdDate,,/domainnames,/,,AWS::ApiGateway::DomainName,"[""get_domain_names"",""items"",null]",,,,,False,True,[],,,c7n.resources.apigw.CustomDomainName
aws,apigwv2,apigatewayv2,ApiId,name,createdDate,,/apis,/,AWS::ApiGatewayV2::Api,AWS::ApiGatewayV2::Api,"[""get_apis"",""Items"",null]",,,,ApiId,False,<object object at 0x10c946380>,[],"[""apigateway:GET""]",apigateway,c7n.resources.apigw.ApiGwV2
aws,apigwv2-stage,apigatewayv2,StageName,StageName,,,/apis,/,AWS::ApiGatewayV2::Stage,AWS::ApiGatewayV2::Stage,"[""get_stages"",""Items"",null]",,"[""aws.apigwv2"",""ApiId"",true]",,,False,<object object at 0x10c9463a0>,[],"[""apigateway:GET""]",apigateway,c7n.resources.apigw.ApiGatewayV2Stage
aws,app-elb,elbv2,LoadBalancerArn,LoadBalancerName,CreatedTime,LoadBalancerArn,loadbalancer/app,/,AWS::ElasticLoadBalancingV2::LoadBalancer,AWS::ElasticLoadBalancingV2::LoadBalancer,"[""describe_load_balancers"",""LoadBalancers"",null]",,,,LoadBalancer,False,False,[],,elasticloadbalancing,c7n.resources.appelb.AppELB
aws,app-elb-target-group,elbv2,TargetGroupArn,TargetGroupName,,,target-group,/,,AWS::ElasticLoadBalancingV2::TargetGroup,"[""describe_target_groups"",""TargetGroups"",null]",,,,,False,False,[],,elasticloadbalancing,c7n.resources.appelb.AppELBTargetGroup
aws,app-flow,appflow,flowName,flowName,,flowArn,flow,/,,,"[""list_flows"",""flows"",{""maxResults"":100}]","[""describe_flow"",""flowName"",""flowName"",null]",,,,False,False,[],,,c7n.resources.appflow.AppFlow
aws,appdiscovery-agent,discovery,agentId,hostName,,False,,/,,,"[""describe_agents"",""agentsInfo"",null]",,,,,False,False,[],,,c7n.resources.discovery.AppdiscoveryAgent
aws,appmesh-mesh,appmesh,meshName,meshName,,arn,mesh,/,AWS::AppMesh::Mesh,AWS::AppMesh::Mesh,"[""list_meshes"",""meshes"",null]","[""describe_mesh"",""meshName"",""meshName"",null]",,,,False,<object object at 0x10c9465b0>,[],,,c7n.resources.appmesh.AppmeshMesh
aws,appmesh-virtual-gateway,appmesh,meshName,virtualGatewayName,createdAt,metadata.arn,mesh,/,AWS::AppMesh::VirtualGateway,AWS::AppMesh::VirtualGateway,"[""list_virtual_gateways"",""virtualGateways"",null]",,"[""appmesh-mesh"",""meshName"",null]",,,False,<object object at 0x10c9465c0>,[],,,c7n.resources.appmesh.AppmeshVirtualGateway
aws,appstream-fleet,appstream,Name,Name,,Arn,fleet,/,AWS::AppStream::Fleet,AWS::AppStream::Fleet,"[""describe_fleets"",""Fleets"",null]",,,,,False,<object object at 0x10c9465d0>,[],,,c7n.resources.appstream.AppStreamFleet
aws,appstream-stack,appstream,Name,Name,,Arn,stack,/,,AWS::AppStream::Stack,"[""describe_stacks"",""Stacks"",null]",,,,,False,<object object at 0x10c9465e0>,[],,,c7n.resources.appstream.AppStreamStack
aws,artifact-domain,codeartifact,name,name,,arn,,/,,AWS::CodeArtifact::Domain,"[""list_domains"",""domains"",null]","[""describe_domain"",""domain"",""name"",""domain""]",,,,False,False,[],,,c7n.resources.artifact.ArtifactDomain
aws,artifact-repo,codeartifact,name,name,,arn,,/,AWS::CodeArtifact::Repository,AWS::CodeArtifact::Repository,"[""list_repositories"",""repositories"",null]",,,,,False,False,[],,,c7n.resources.artifact.ArtifactRepo
aws,asg,autoscaling,AutoScalingGroupName,AutoScalingGroupName,CreatedTime,AutoScalingGroupARN,autoScalingGroup,:,AWS::AutoScaling::AutoScalingGroup,AWS::AutoScaling::AutoScalingGroup,"[""describe_auto_scaling_groups"",""AutoScalingGroups"",null]",,,,AutoScalingGroupName,False,False,"[""AutoScalingGroupName"",""CreatedTime"",""LaunchConfigurationName"",""count:Instances"",""DesiredCapacity"",""HealthCheckType"",""list:LoadBalancerNames""]",,,c7n.resources.asg.ASG
aws,athena-named-query,athena,NamedQueryId,Name,,False,,/,,AWS::Athena::NamedQuery,"[""list_named_queries"",""NamedQueryIds"",null]",,,,,False,False,[],,,c7n.resources.athena.AthenaNamedQuery
aws,backup-plan,backup,BackupPlanName,BackupPlanId,,BackupPlanArn,,/,AWS::Backup::BackupPlan,AWS::Backup::BackupPlan,"[""list_backup_plans"",""BackupPlansList"",null]","[""get_backup_plan"",""BackupPlanId"",""BackupPlanId"",null]",,,,False,<object object at 0x10c946be0>,[],,,c7n.resources.backup.BackupPlan
aws,backup-vault,backup,BackupVaultName,BackupVaultName,,BackupVaultArn,backup-vault,/,AWS::Backup::BackupVault,AWS::Backup::BackupVault,"[""list_backup_vaults"",""BackupVaultList"",null]",,,,,False,<object object at 0x10c946bf0>,[],,,c7n.resources.backup.BackupVault
aws,batch-compute,batch,computeEnvironmentName,computeEnvironmentName,,computeEnvironmentArn,compute-environment,/,AWS::Batch::ComputeEnvironment,AWS::Batch::ComputeEnvironment,"[""describe_compute_environments"",""computeEnvironments"",null]",,,,,False,<object object at 0x10c946c00>,[],,,c7n.resources.batch.ComputeEnvironment
aws,batch-definition,batch,jobDefinitionName,jobDefinitionName,,jobDefinitionArn,job-definition,/,,AWS::Batch::JobDefinition,"[""describe_job_definitions"",""jobDefinitions"",null]",,,,,False,<object object at 0x10c946c10>,[],,,c7n.resources.batch.JobDefinition
aws,batch-queue,batch,jobQueueName,jobQueueName,,jobQueueArn,job-queue,/,AWS::Batch::JobQueue,AWS::Batch::JobQueue,"[""describe_job_queues"",""jobQueues"",null]",,,,,False,<object object at 0x10c946c60>,[],,,c7n.resources.batch.BatchJobQueue
aws,bedrock-agent,bedrock-agent,agentId,agentName,,agentArn,,/,,,"[""list_agents"",""agentSummaries[]"",null]","[""get_agent"",""agentId"",""agentId"",""agent""]",,,,False,False,[],,bedrock,c7n.resources.bedrock.BedrockAgent
aws,bedrock-custom-model,bedrock,modelArn,modelName,,modelArn,,/,,,"[""list_custom_models"",""modelSummaries[]"",null]","[""get_custom_model"",""modelIdentifier"",""modelArn"",null]",,,,False,False,[],,bedrock,c7n.resources.bedrock.BedrockCustomModel
aws,bedrock-customization-job,bedrock,jobArn,jobName,,jobArn,,/,,,"[""list_model_customization_jobs"",""modelCustomizationJobSummaries[]"",{""statusEquals"":""InProgress""}]","[""get_model_customization_job"",""jobIdentifier"",""jobName"",null]",,,,False,False,[],,bedrock,c7n.resources.bedrock.BedrockModelCustomizationJob
aws,bedrock-knowledge-base,bedrock-agent,knowledgeBaseId,name,,knowledgeBaseArn,,/,,,"[""list_knowledge_bases"",""knowledgeBaseSummaries"",null]","[""get_knowledge_base"",""knowledgeBaseId"",""knowledgeBaseId"",""knowledgeBase""]",,,,False,False,[],,bedrock,c7n.resources.bedrock.BedrockKnowledgeBase
aws,budget,budgets,BudgetName,BudgetName,,,budget,/,,AWS::Budgets::Budget,"[""describe_budgets"",""Budgets"",null]",,,,,True,False,[],"[""budgets:ViewBudget""]",,c7n.resources.budgets.Budget
aws,cache-cluster,elasticache,CacheClusterId,CacheClusterId,CacheClusterCreateTime,,cluster,:,,AWS::ElastiCache::CacheCluster,"[""describe_cache_clusters"",""CacheClusters[]"",null]",,,,CacheClusterId,False,True,[],,,c7n.resources.elasticache.ElastiCacheCluster
aws,cache-snapshot,elasticache,SnapshotName,SnapshotName,StartTime,,snapshot,:,,,"[""describe_snapshots"",""Snapshots"",null]",,,,,False,True,[],,,c7n.resources.elasticache.ElastiCacheSnapshot
aws,cache-subnet-group,elasticache,CacheSubnetGroupName,CacheSubnetGroupName,,,subnetgroup,/,,AWS::ElastiCache::SubnetGroup,"[""describe_cache_subnet_groups"",""CacheSubnetGroups"",null]",,,,,False,False,[],,,c7n.resources.elasticache.ElastiCacheSubnetGroup
aws,catalog-portfolio,servicecatalog,Id,DisplayName,CreatedTime,ARN,portfolio,/,AWS::ServiceCatalog::Portfolio,AWS::ServiceCatalog::Portfolio,"[""list_portfolios"",""PortfolioDetails"",null]","[""describe_portfolio"",""Id"",""Id"",null]",,,,False,<object object at 0x10f274a20>,[],,,c7n.resources.servicecatalog.CatalogPortfolio
aws,catalog-product,servicecatalog,ProductId,Name,CreatedTime,ProductARN,product,/,,AWS::ServiceCatalog::CloudFormationProduct,"[""search_products_as_admin"",""ProductViewDetails[].ProductViewSummary"",null]","[""describe_product_as_admin"",""Id"",""ProductId"",null]",,,,False,<object object at 0x10f274a80>,[],,,c7n.resources.servicecatalog.CatalogProduct
aws,cfn,cloudformation,StackName,StackName,CreationTime,,stack,/,AWS::CloudFormation::Stack,AWS::CloudFormation::Stack,"[""describe_stacks"",""Stacks[]"",null]",,,,,False,False,[],,,c7n.resources.cfn.CloudFormation
aws,cloud-directory,clouddirectory,DirectoryArn,Name,,DirectoryArn,directory,/,,,"[""list_directories"",""Directories"",{""state"":""ENABLED""}]",,,,,False,<object object at 0x10c9471b0>,[],,,c7n.resources.directory.CloudDirectory
aws,cloudhsm-cluster,cloudhsmv2,ClusterId,ClusterId,,,cluster,/,,,"[""describe_clusters"",""Clusters"",null]",,,,,False,<object object at 0x10c947cc0>,[],,cloudhsm,c7n.resources.hsm.CloudHSMCluster
aws,cloudsearch,cloudsearch,DomainName,DomainName,,,domain,/,,,"[""describe_domains"",""DomainStatusList"",null]",,,,DomainName,False,False,[],,,c7n.resources.cloudsearch.CloudSearch
aws,cloudtrail,cloudtrail,TrailARN,Name,,TrailARN,trail,/,AWS::CloudTrail::Trail,AWS::CloudTrail::Trail,"[""describe_trails"",""trailList"",null]",,,,,False,<object object at 0x10c946df0>,[],,,c7n.resources.cloudtrail.CloudTrail
aws,cloudwatch-dashboard,cloudwatch,DashboardName,DashboardName,,DashboardArn,dashboard,/,,AWS::CloudWatch::Dashboard,"[""list_dashboards"",""DashboardEntries"",null]",,,,,False,<object object at 0x10c947130>,[],,,c7n.resources.cw.CloudWatchDashboard
aws,codebuild,codebuild,name,name,created,arn,project,/,AWS::CodeBuild::Project,AWS::CodeBuild::Project,"[""list_projects"",""projects"",null]",,,,ProjectName,False,<object object at 0x10c946e80>,[],,,c7n.resources.code.CodeBuildProject
aws,codecommit,codecommit,repositoryName,repositoryName,creationDate,Arn,,/,,AWS::CodeCommit::Repository,"[""list_repositories"",""repositories"",null]",,,,,False,<object object at 0x10c946e60>,[],,,c7n.resources.code.CodeRepository
aws,codedeploy-app,codedeploy,applicationName,applicationName,createTime,,application,:,AWS::CodeDeploy::Application,AWS::CodeDeploy::Application,"[""list_applications"",""applications"",null]",,,,,False,True,[],,,c7n.resources.code.CodeDeployApplication
aws,codedeploy-deployment,codedeploy,deploymentId,deploymentId,createTime,,deploymentgroup,/,,,"[""list_deployments"",""deployments"",{""includeOnlyStatuses"":[""Created"",""Queued"",""InProgress"",""Baking"",""Ready""]}]",,,,,False,False,[],,,c7n.resources.code.CodeDeployDeployment
aws,codedeploy-group,codedeploy,deploymentGroupId,deploymentGroupName,,,deploymentgroup,:,AWS::CodeDeploy::DeploymentGroup,AWS::CodeDeploy::DeploymentGroup,"[""list_deployment_groups"",""deploymentGroups"",null]",,"[""codedeploy-app"",""applicationName"",null]",,,False,True,[],,codedeploy,c7n.resources.code.CodeDeployDeploymentGroup
aws,codepipeline,codepipeline,name,name,created,,,/,AWS::CodePipeline::Pipeline,AWS::CodePipeline::Pipeline,"[""list_pipelines"",""pipelines"",null]","[""get_pipeline"",""name"",""name"",""pipeline""]",,,,False,<object object at 0x10c946ea0>,[],,,c7n.resources.code.CodeDeployPipeline
aws,composite-alarm,cloudwatch,AlarmName,AlarmName,AlarmConfigurationUpdatedTimestamp,AlarmArn,alarm,/,,AWS::CloudWatch::CompositeAlarm,"[""describe_alarms"",""CompositeAlarms"",{""AlarmTypes"":[""CompositeAlarm""]}]",,,,,False,<object object at 0x10c946fd0>,[],,,c7n.resources.cw.CompositeAlarm
aws,config-recorder,config,name,name,,False,,/,,AWS::Config::ConfigurationRecorder,"[""describe_configuration_recorders"",""ConfigurationRecorders"",null]",,,,,False,False,[],,,c7n.resources.config.ConfigRecorder
aws,config-rule,config,ConfigRuleName,ConfigRuleName,,ConfigRuleArn,config-rule,/,,AWS::Config::ConfigRule,"[""describe_config_rules"",""ConfigRules"",null]",,,,,False,True,[],,,c7n.resources.config.ConfigRule
aws,connect-campaign,connectcampaigns,id,name,,,campaign,/,,,"[""list_campaigns"",""campaignSummaryList"",null]","[""get_connect_instance_config"",""connectInstanceId"",""connectInstanceId"",null]",,,,False,False,[],,connect-campaigns,c7n.resources.connect.ConnectCampaign
aws,connect-instance,connect,Id,InstanceAlias,,,instance,/,,,"[""list_instances"",""InstanceSummaryList"",null]",,,,,False,False,[],,,c7n.resources.connect.Connect
aws,customer-gateway,ec2,CustomerGatewayId,CustomerGatewayId,,,customer-gateway,/,AWS::EC2::CustomerGateway,AWS::EC2::CustomerGateway,"[""describe_customer_gateways"",""CustomerGateways"",null]",,,cgw-,,False,False,[],,,c7n.resources.vpc.CustomerGateway
aws,datalake-location,lakeformation,ResourceArn,ResourceArn,,ResourceArn,,/,,AWS::LakeFormation::Resource,"[""list_resources"",""ResourceInfoList"",null]",,,,,False,False,[],,,c7n.resources.lakeformation.LakeFormationRegisteredLocation
aws,datapipeline,datapipeline,pipelineId,name,,,pipeline,/,,,"[""list_pipelines"",""pipelineIdList"",null]",,,,name,False,False,[],,,c7n.resources.datapipeline.DataPipeline
aws,datasync-agent,datasync,AgentArn,Name,,AgentArn,agent,/,,AWS::DataSync::Agent,"[""list_agents"",""Agents"",null]","[""describe_agent"",""AgentArn"",""AgentArn"",""""]",,,,False,<object object at 0x10c947160>,[],,,c7n.resources.datasync.DataSyncAgent
aws,datasync-task,datasync,TaskArn,Name,,TaskArn,task,/,AWS::DataSync::Task,AWS::DataSync::Task,"[""list_tasks"",""Tasks"",null]","[""describe_task"",""TaskArn"",""TaskArn"",""""]",,,,False,<object object at 0x10c947170>,[],,,c7n.resources.datasync.DataSyncTask
aws,dax,dax,ClusterName,ClusterName,,ClusterArn,cache,/,,AWS::DAX::Cluster,"[""describe_clusters"",""Clusters"",null]",,,,,False,False,[],,,c7n.resources.dynamodb.DynamoDbAccelerator
aws,devicefarm-project,devicefarm,arn,name,,arn,project,/,AWS::DeviceFarm::Project,,"[""list_projects"",""projects"",null]",,,,,False,<object object at 0x10c947180>,[],,,c7n.resources.devicefarm.DevicefarmProject
aws,directconnect,directconnect,connectionId,connectionName,,,dxcon,/,,,"[""describe_connections"",""connections"",null]",,,,,False,<object object at 0x10c947190>,[],,,c7n.resources.directconnect.DirectConnect
aws,directory,ds,DirectoryId,Name,,,directory,/,,,"[""describe_directories"",""DirectoryDescriptions"",null]",,,,,False,False,[],,,c7n.resources.directory.Directory
aws,distribution,cloudfront,Id,DomainName,LastModifiedTime,ARN,distribution,/,AWS::CloudFront::Distribution,AWS::CloudFront::Distribution,"[""list_distributions"",""DistributionList.Items"",null]",,,,DistributionId,True,True,[],,,c7n.resources.cloudfront.Distribution
aws,dlm-policy,dlm,PolicyId,PolicyId,,PolicyArn,policy,/,,AWS::DLM::LifecyclePolicy,"[""get_lifecycle_policies"",""Policies"",null]","[""get_lifecycle_policy"",""PolicyId"",""PolicyId"",""Policy""]",,,,False,False,[],,,c7n.resources.dlm.DLMPolicy
aws,dms-endpoint,dms,EndpointArn,EndpointIdentifier,,EndpointArn,endpoint,/,,AWS::DMS::Endpoint,"[""describe_endpoints"",""Endpoints"",null]",,,,,False,<object object at 0x10c9471e0>,[],,,c7n.resources.dms.DmsEndpoints
aws,dms-instance,dms,ReplicationInstanceIdentifier,ReplicationInstanceIdentifier,InstanceCreateTime,ReplicationInstanceArn,rep,/,,AWS::DMS::ReplicationInstance,"[""describe_replication_instances"",""ReplicationInstances"",null]",,,,,False,False,[],,,c7n.resources.dms.ReplicationInstance
aws,dms-replication-task,dms,ReplicationTaskArn,ReplicationTaskIdentifier,,ReplicationTaskArn,task,/,AWS::DMS::ReplicationTask,AWS::DMS::ReplicationTask,"[""describe_replication_tasks"",""ReplicationTasks"",null]",,,,,False,<object object at 0x10c947250>,[],,,c7n.resources.dms.DMSReplicationTask
aws,dynamodb-backup,dynamodb,BackupArn,BackupName,BackupCreationDateTime,BackupArn,,/,,,"[""list_backups"",""BackupSummaries"",null]",,,,,False,False,[],,,c7n.resources.dynamodb.Backup
aws,dynamodb-stream,dynamodbstreams,StreamArn,TableName,CreationDateTime,StreamArn,stream,/,,,"[""list_streams"",""Streams"",null]","[""describe_stream"",""StreamArn"",""StreamArn"",""StreamDescription""]",,,TableName,False,False,[],,dynamodb,c7n.resources.dynamodb.Stream
aws,dynamodb-table,dynamodb,TableName,TableName,CreationDateTime,TableArn,table,/,AWS::DynamoDB::Table,AWS::DynamoDB::Table,"[""list_tables"",""TableNames"",null]","[""describe_table"",""TableName"",null,""Table""]",,,TableName,False,<object object at 0x10c947270>,[],,,c7n.resources.dynamodb.Table
aws,ebs,ec2,VolumeId,VolumeId,createTime,,volume,/,AWS::EC2::Volume,AWS::EC2::Volume,"[""describe_volumes"",""Volumes"",null]",,,vol-,VolumeId,False,False,"[""VolumeId"",""Attachments[0].InstanceId"",""Size"",""VolumeType"",""KmsKeyId""]",,,c7n.resources.ebs.EBS
aws,ebs-snapshot,ec2,SnapshotId,SnapshotId,StartTime,,snapshot,/,,,"[""describe_snapshots"",""Snapshots"",null]",,,snap-,,False,False,"[""SnapshotId"",""VolumeId"",""tag:InstanceId"",""VolumeSize"",""StartTime"",""State""]",,,c7n.resources.ebs.Snapshot
aws,ec2,ec2,InstanceId,PublicDnsName,LaunchTime,,instance,/,AWS::EC2::Instance,AWS::EC2::Instance,"[""describe_instances"",""Reservations[].Instances[]"",null]",,,i-,InstanceId,False,False,"[""CustodianDate"",""InstanceId"",""tag:Name"",""InstanceType"",""LaunchTime"",""VpcId"",""PrivateIpAddress""]",,,c7n.resources.ec2.EC2
aws,ec2-capacity-reservation,ec2,CapacityReservationId,CapacityReservationId,,CapacityReservationArn,,/,,AWS::EC2::CapacityReservation,"[""describe_capacity_reservations"",""CapacityReservations"",null]",,,cr-,,False,False,[],"[""ec2:DescribeCapacityReservations""]",,c7n.resources.ec2.CapacityReservation
aws,ec2-host,ec2,HostId,HostId,AllocationTime,,dedicated-host,/,AWS::EC2::Host,AWS::EC2::Host,"[""describe_hosts"",""Hosts"",null]",,,h-,,False,False,[],"[""ec2:DescribeHosts""]",,c7n.resources.ec2.DedicatedHost
aws,ec2-reserved,ec2,ReservedInstancesId,ReservedInstancesId,Start,,reserved-instances,/,,,"[""describe_reserved_instances"",""ReservedInstances"",null]",,,,,False,False,[],,,c7n.resources.ec2.ReservedInstance
aws,ec2-spot-fleet-request,ec2,SpotFleetRequestId,SpotFleetRequestId,CreateTime,,spot-fleet-request,/,AWS::EC2::SpotFleet,AWS::EC2::SpotFleet,"[""describe_spot_fleet_requests"",""SpotFleetRequestConfigs"",null]",,,sfr-,,False,False,[],"[""ec2:DescribeSpotFleetRequests""]",,c7n.resources.ec2.SpotFleetRequest
aws,ecr,ecr,repositoryName,repositoryName,,repositoryArn,repository,/,AWS::ECR::Repository,AWS::ECR::Repository,"[""describe_repositories"",""repositories"",null]",,,,RepositoryName,False,False,[],,,c7n.resources.ecr.ECR
aws,ecr-image,ecr,imageDigest,repositoryName,,imageArn,repository,/,,,"[""describe_images"",""imageDetails"",null]",,"[""ecr"",""repositoryName"",null]",,,False,False,[],,,c7n.resources.ecr.RepositoryImage
aws,ecs,ecs,clusterArn,clusterName,,clusterArn,cluster,/,AWS::ECS::Cluster,AWS::ECS::Cluster,"[""list_clusters"",""clusterArns"",null]",,,,,False,False,[],,,c7n.resources.ecs.ECSCluster
aws,ecs-container-instance,ecs,containerInstanceArn,containerInstanceArn,,containerInstanceArn,,/,,,"[""list_container_instances"",""containerInstanceArns"",null]",,"[""ecs"",""cluster"",null]",,,False,False,[],,,c7n.resources.ecs.ContainerInstance
aws,ecs-service,ecs,serviceArn,serviceName,,serviceArn,,/,AWS::ECS::Service,AWS::ECS::Service,"[""list_services"",""serviceArns"",null]",,"[""ecs"",""cluster"",null]",,,False,False,[],,,c7n.resources.ecs.Service
aws,ecs-task,ecs,taskArn,taskArn,,taskArn,task,/,,AWS::ECS::TaskSet,"[""list_tasks"",""taskArns"",null]",,"[""ecs"",""cluster"",null]",,,False,False,[],,,c7n.resources.ecs.Task
aws,ecs-task-definition,ecs,taskDefinitionArn,taskDefinitionArn,,taskDefinitionArn,task-definition,/,AWS::ECS::TaskDefinition,AWS::ECS::TaskDefinition,"[""list_task_definitions"",""taskDefinitionArns"",null]",,,,,False,False,[],,,c7n.resources.ecs.TaskDefinition
aws,efs,efs,FileSystemId,Name,CreationTime,FileSystemArn,file-system,/,AWS::EFS::FileSystem,AWS::EFS::FileSystem,"[""describe_file_systems"",""FileSystems"",null]",,,,FileSystemId,False,True,[],,elasticfilesystem,c7n.resources.efs.ElasticFileSystem
aws,efs-mount-target,efs,MountTargetId,MountTargetId,,False,,/,,AWS::EFS::MountTarget,"[""describe_mount_targets"",""MountTargets"",null]",,"[""efs"",""FileSystemId"",null]",,,False,False,[],,elasticfilesystem,c7n.resources.efs.ElasticFileSystemMountTarget
aws,eks,eks,name,name,createdAt,arn,cluster,/,AWS::EKS::Cluster,AWS::EKS::Cluster,"[""list_clusters"",""clusters"",null]","[""describe_cluster"",""name"",null,""cluster""]",,,,False,False,[],,,c7n.resources.eks.EKS
aws,eks-nodegroup,eks,nodegroupArn,nodegroupName,createdAt,nodegroupArn,nodegroup,/,,,"[""list_nodegroups"",""nodegroups"",null]",,"[""eks"",""clusterName"",null]",,,False,False,[],"[""eks:DescribeNodegroup""]",,c7n.resources.eks.NodeGroup
aws,elastic-ip,ec2,AllocationId,PublicIp,,,elastic-ip,/,AWS::EC2::EIP,AWS::EC2::EIP,"[""describe_addresses"",""Addresses"",null]",,,eipalloc-,,False,False,[],,,c7n.resources.vpc.NetworkAddress
aws,elasticache-group,elasticache,ReplicationGroupId,ReplicationGroupId,,,replicationgroup,:,,AWS::ElastiCache::ReplicationGroup,"[""describe_replication_groups"",""ReplicationGroups[]"",null]",,,,ReplicationGroupId,False,<object object at 0x10c9478b0>,[],,,c7n.resources.elasticache.ElastiCacheReplicationGroup
aws,elasticbeanstalk,elasticbeanstalk,ApplicationName,ApplicationName,,ApplicationArn,application,/,AWS::ElasticBeanstalk::Application,AWS::ElasticBeanstalk::Application,"[""describe_applications"",""Applications"",null]",,,,,False,False,"[""ApplicationName"",""DateCreated"",""DateUpdated""]",,,c7n.resources.elasticbeanstalk.ElasticBeanstalk
aws,elasticbeanstalk-environment,elasticbeanstalk,EnvironmentName,EnvironmentName,,EnvironmentArn,environment,/,AWS::ElasticBeanstalk::Environment,AWS::ElasticBeanstalk::Environment,"[""describe_environments"",""Environments"",null]",,,,,False,False,"[""EnvironmentName"",""DateCreated"",""DateUpdated""]",,,c7n.resources.elasticbeanstalk.ElasticBeanstalkEnvironment
aws,elasticsearch,es,DomainName,Name,,ARN,domain,/,AWS::Elasticsearch::Domain,AWS::Elasticsearch::Domain,"[""list_domain_names"",""DomainNames[].DomainName"",null]",,,,DomainName,False,False,[],,,c7n.resources.elasticsearch.ElasticSearchDomain
aws,elasticsearch-reserved,es,ReservedElasticsearchInstanceId,ReservedElasticsearchInstanceId,StartTime,,reserved-instances,/,,,"[""describe_reserved_elasticsearch_instances"",""ReservedElasticsearchInstances"",null]",,,,,False,False,[],"[""es:DescribeReservedElasticsearchInstances""]",,c7n.resources.elasticsearch.ReservedInstances
aws,elb,elb,LoadBalancerName,DNSName,CreatedTime,,loadbalancer,/,AWS::ElasticLoadBalancing::LoadBalancer,AWS::ElasticLoadBalancing::LoadBalancer,"[""describe_load_balancers"",""LoadBalancerDescriptions"",null]",,,,LoadBalancerName,False,False,"[""LoadBalancerName"",""DNSName"",""VPCId"",""count:Instances"",""list:ListenerDescriptions[].Listener.LoadBalancerPort""]",,elasticloadbalancing,c7n.resources.elb.ELB
aws,emr,emr,Id,Name,Status.Timeline.CreationDateTime,,emr,/,,AWS::EMR::Cluster,"[""list_clusters"",""Clusters"",null]",,,,,False,False,[],,elasticmapreduce,c7n.resources.emr.EMRCluster
aws,emr-security-configuration,emr,Name,Name,,,emr,/,,AWS::EMR::SecurityConfiguration,"[""list_security_configurations"",""SecurityConfigurations"",null]","[""describe_security_configuration"",""Name"",""Name"",null]",,,,False,False,[],,elasticmapreduce,c7n.resources.emr.EMRSecurityConfiguration
aws,emr-serverless-app,emr-serverless,id,name,createdAt,arn,/applications,/,,AWS::EMRServerless::Application,"[""list_applications"",""applications"",null]",,,,,False,False,[],,,c7n.resources.emr.EMRServerless
aws,eni,ec2,NetworkInterfaceId,NetworkInterfaceId,,,network-interface,/,AWS::EC2::NetworkInterface,AWS::EC2::NetworkInterface,"[""describe_network_interfaces"",""NetworkInterfaces"",null]",,,eni-,,False,False,[],,,c7n.resources.vpc.NetworkInterface
aws,event-bus,events,Name,Name,,Arn,event-bus,/,AWS::Events::EventBus,AWS::Events::EventBus,"[""list_event_buses"",""EventBuses"",null]",,,,,False,<object object at 0x10c946ff0>,[],,,c7n.resources.cw.EventBus
aws,event-rule,events,Name,Name,,,rule,/,,AWS::Events::Rule,"[""list_rules"",""Rules"",null]",,,,,False,<object object at 0x10c947010>,[],,,c7n.resources.cw.EventRule
aws,event-rule-target,events,Id,Id,,False,event-rule-target,/,,,"[""list_targets_by_rule"",""Targets"",null]",,"[""event-rule"",""Rule"",true]",,,False,False,[],,,c7n.resources.cw.EventRuleTarget
aws,firehose,firehose,DeliveryStreamName,DeliveryStreamName,CreateTimestamp,,deliverystream,/,AWS::KinesisFirehose::DeliveryStream,AWS::KinesisFirehose::DeliveryStream,"[""list_delivery_streams"",""DeliveryStreamNames"",null]","[""describe_delivery_stream"",""DeliveryStreamName"",null,""DeliveryStreamDescription""]",,,DeliveryStreamName,False,<object object at 0x10c947d90>,[],,,c7n.resources.kinesis.DeliveryStream
aws,firewall,network-firewall,FirewallName,FirewallName,,FirewallArn,firewall,/,AWS::NetworkFirewall::Firewall,AWS::NetworkFirewall::Firewall,"[""list_firewalls"",""Firewalls"",null]","[""describe_firewall"",""FirewallArn"",""FirewallArn"",""""]",,,,False,<object object at 0x10c947ae0>,[],,,c7n.resources.firewall.NetworkFirewall
aws,fis-experiment,fis,id,id,creationTime,,experiment,/,,,"[""list_experiments"",""experiments"",null]","[""get_experiment"",""id"",""id"",""experiment""]",,,,False,False,[],,,c7n.resources.fis.Experiment
aws,fis-template,fis,id,id,creationTime,,experiment-template,/,AWS::FIS::ExperimentTemplate,AWS::FIS::ExperimentTemplate,"[""list_experiment_templates"",""experimentTemplates"",null]","[""get_experiment_template"",""id"",""id"",""experimentTemplate""]",,,,False,False,[],,,c7n.resources.fis.ExperimentTemplate
aws,flow-log,ec2,FlowLogId,FlowLogId,,,vpc-flow-log,/,AWS::EC2::FlowLog,AWS::EC2::FlowLog,"[""describe_flow_logs"",""FlowLogs"",null]",,,fl-,,False,False,[],,,c7n.resources.vpc.FlowLog
aws,fsx,fsx,FileSystemId,FileSystemId,CreationTime,ResourceARN,,/,,AWS::FSx::FileSystem,"[""describe_file_systems"",""FileSystems"",null]",,,,,False,False,[],,,c7n.resources.fsx.FSx
aws,fsx-backup,fsx,BackupId,BackupId,CreationTime,ResourceARN,,/,,,"[""describe_backups"",""Backups"",null]",,,,,False,False,[],,,c7n.resources.fsx.FSxBackup
aws,gamelift-build,gamelift,BuildId,Name,CreationTime,False,,/,,AWS::GameLift::Build,"[""list_builds"",""Builds"",null]",,,,,False,False,[],,,c7n.resources.gamelift.GameLiftBuild
aws,gamelift-fleet,gamelift,FleetId,Name,CreationTime,FleetArn,,/,,AWS::GameLift::Fleet,"[""list_fleets"",""FleetIds"",null]",,,,,False,False,[],,,c7n.resources.gamelift.GameLiftFleet
aws,glacier,glacier,VaultName,VaultName,,VaultARN,vaults,/,,,"[""list_vaults"",""VaultList"",null]",,,,,False,True,[],,,c7n.resources.glacier.Glacier
aws,glue-catalog,glue,CatalogId,CatalogId,,,catalog,/,,AWS::Glue::DataCatalogEncryptionSettings,,,,,,False,False,[],,,c7n.resources.glue.GlueDataCatalog
aws,glue-classifier,glue,Name,Name,CreationTime,,classifier,/,AWS::Glue::Classifier,AWS::Glue::Classifier,"[""get_classifiers"",""Classifiers"",null]",,,,,False,False,[],,,c7n.resources.glue.GlueClassifier
aws,glue-connection,glue,Name,Name,CreationTime,,connection,/,,AWS::Glue::Connection,"[""get_connections"",""ConnectionList"",{""HidePassword"":true}]",,,,,False,<object object at 0x10c947b80>,[],,,c7n.resources.glue.GlueConnection
aws,glue-crawler,glue,Name,Name,CreatedOn,,crawler,/,,AWS::Glue::Crawler,"[""get_crawlers"",""Crawlers"",null]",,,,,False,True,[],,,c7n.resources.glue.GlueCrawler
aws,glue-database,glue,Name,Name,CreatedOn,,database,/,,AWS::Glue::Database,"[""get_databases"",""DatabaseList"",null]",,,,,False,False,[],,,c7n.resources.glue.GlueDatabase
aws,glue-dev-endpoint,glue,EndpointName,EndpointName,CreatedTimestamp,,devEndpoint,/,,AWS::Glue::DevEndpoint,"[""get_dev_endpoints"",""DevEndpoints"",null]",,,,,False,True,[],,,c7n.resources.glue.GlueDevEndpoint
aws,glue-job,glue,Name,Name,CreatedOn,,job,/,,AWS::Glue::Job,"[""get_jobs"",""Jobs"",null]",,,,,False,True,[],,,c7n.resources.glue.GlueJob
aws,glue-ml-transform,glue,TransformId,Name,,,mlTransform,/,AWS::Glue::MLTransform,AWS::Glue::MLTransform,"[""get_ml_transforms"",""Transforms"",null]",,,,,False,<object object at 0x10c947c20>,[],,,c7n.resources.glue.GlueMLTransform
aws,glue-security-configuration,glue,Name,Name,CreatedTimeStamp,,securityConfiguration,/,,AWS::Glue::SecurityConfiguration,"[""get_security_configurations"",""SecurityConfigurations"",null]",,,,,False,False,[],,,c7n.resources.glue.GlueSecurityConfiguration
aws,glue-table,glue,Name,Name,CreatedOn,,table,/,,,"[""get_tables"",""TableList"",null]",,"[""glue-database"",""DatabaseName"",null]",,,False,False,[],,,c7n.resources.glue.GlueTable
aws,glue-trigger,glue,Name,Name,,,trigger,/,,AWS::Glue::Trigger,"[""get_triggers"",""Triggers"",null]",,,,,False,<object object at 0x10c947c70>,[],,,c7n.resources.glue.GlueTrigger
aws,glue-workflow,glue,Name,Name,,,workflow,/,,AWS::Glue::Workflow,"[""list_workflows"",""Workflows"",null]","[""get_workflow"",""Name"",null,""Workflow""]",,,,False,<object object at 0x10c947c90>,[],,,c7n.resources.glue.GlueWorkflow
aws,graphql-api,appsync,apiId,name,,arn,apis,/,,AWS::AppSync::GraphQLApi,"[""list_graphql_apis"",""graphqlApis"",{""maxResults"":25}]",,,,,False,True,[],,,c7n.resources.appsync.GraphQLApi
aws,guardduty-finding,guardduty,AccountId,Description,,Arn,finding,/,,,"[""list_findings"",""FindingIds"",null]",,,,,False,False,[],,,c7n.resources.guardduty.GuarddutyFinding
aws,health-event,health,arn,eventTypeCode,startTime,arn,event,/,,,"[""describe_events"",""events"",null]",,,,,True,False,[],,,c7n.resources.health.HealthEvents
aws,healthcheck,route53,Id,Id,,,healthcheck,/,,AWS::Route53::HealthCheck,"[""list_health_checks"",""HealthChecks"",null]",,,,,True,True,[],,,c7n.resources.route53.HealthCheck
aws,hostedzone,route53,Id,Name,,,hostedzone,/,,AWS::Route53::HostedZone,"[""list_hosted_zones"",""HostedZones"",null]",,,,,True,True,[],,,c7n.resources.route53.HostedZone
aws,hsm,cloudhsm,HsmArn,Name,,HsmArn,cluster,/,,,"[""list_hsms"",""HsmList"",null]","[""describe_hsm"",""HsmArn"",null,null]",,,,False,False,[],,,c7n.resources.hsm.CloudHSM
aws,hsm-client,cloudhsm,ClientArn,Label,,ClientArn,,/,,,"[""list_luna_clients"",""ClientList"",null]","[""describe_luna_client"",""ClientArn"",null,null]",,,,False,False,[],,,c7n.resources.hsm.HSMClient
aws,hsm-hapg,cloudhsm,HapgArn,HapgSerial,LastModifiedTimestamp,HapgArn,,/,,,"[""list_hapgs"",""HapgList"",null]","[""describe_hapg"",""HapgArn"",null,null]",,,,False,False,[],,,c7n.resources.hsm.PartitionGroup
aws,iam-certificate,iam,ServerCertificateName,ServerCertificateName,Expiration,,server-certificate,/,AWS::IAM::ServerCertificate,,"[""list_server_certificates"",""ServerCertificateMetadataList"",null]",,,,,True,False,[],,,c7n.resources.iam.ServerCertificate
aws,iam-group,iam,GroupName,GroupName,CreateDate,Arn,group,/,AWS::IAM::Group,AWS::IAM::Group,"[""list_groups"",""Groups"",null]",,,,,True,False,[],,,c7n.resources.iam.Group
aws,iam-oidc-provider,iam,Arn,Arn,,Arn,oidc-provider,/,,,"[""list_open_id_connect_providers"",""OpenIDConnectProviderList"",null]","[""get_open_id_connect_provider"",""OpenIDConnectProviderArn"",""Arn"",null]",,,,True,False,[],,,c7n.resources.iam.OpenIdProvider
aws,iam-policy,iam,PolicyId,PolicyName,CreateDate,Arn,policy,/,AWS::IAM::Policy,AWS::IAM::Policy,"[""list_policies"",""Policies"",{""Scope"":""Local""}]",,,,,True,<object object at 0x10c945b80>,[],,,c7n.resources.iam.Policy
aws,iam-profile,iam,InstanceProfileName,InstanceProfileName,CreateDate,Arn,instance-profile,/,,AWS::IAM::InstanceProfile,"[""list_instance_profiles"",""InstanceProfiles"",null]",,,,,True,False,[],,,c7n.resources.iam.InstanceProfile
aws,iam-role,iam,RoleName,RoleName,CreateDate,Arn,role,/,AWS::IAM::Role,AWS::IAM::Role,"[""list_roles"",""Roles"",null]","[""get_role"",""RoleName"",""RoleName"",""Role""]",,,,True,False,[],,,c7n.resources.iam.Role
aws,iam-saml-provider,iam,Arn,Arn,,Arn,saml-provider,/,AWS::IAM::SAMLProvider,,"[""list_saml_providers"",""SAMLProviderList"",null]","[""get_saml_provider"",""SAMLProviderArn"",""Arn"",null]",,,,True,False,[],,,c7n.resources.iam.SamlProvider
aws,iam-user,iam,UserName,UserName,CreateDate,Arn,user,/,AWS::IAM::User,AWS::IAM::User,"[""list_users"",""Users"",null]","[""get_user"",""UserName"",""UserName"",""User""]",,,,True,False,[],,,c7n.resources.iam.User
aws,identity-pool,cognito-identity,IdentityPoolId,IdentityPoolName,,,identitypool,/,,AWS::Cognito::IdentityPool,"[""list_identity_pools"",""IdentityPools"",{""MaxResults"":60}]","[""describe_identity_pool"",""IdentityPoolId"",""IdentityPoolId"",null]",,,,False,<object object at 0x10c946ee0>,[],,,c7n.resources.cognito.CognitoIdentityPool
aws,insight-rule,cloudwatch,Name,Name,,,insight-rule,/,,AWS::CloudWatch::InsightRule,"[""describe_insight_rules"",""InsightRules"",null]",,,,,False,<object object at 0x10c947080>,[],,,c7n.resources.cw.InsightRule
aws,inspector2-finding,inspector2,findingArn,title,,findingArn,finding,/,,,"[""list_findings"",""findings"",null]",,,,,False,False,[],,,c7n.resources.inspector2.Inspector2Finding
aws,internet-gateway,ec2,InternetGatewayId,InternetGatewayId,,,internet-gateway,/,AWS::EC2::InternetGateway,AWS::EC2::InternetGateway,"[""describe_internet_gateways"",""InternetGateways"",null]",,,igw-,,False,False,[],,,c7n.resources.vpc.InternetGateway
aws,iot,iot,thingName,thingName,,thingArn,,/,,AWS::IoT::Thing,"[""list_things"",""things"",null]",,,,,False,False,"[""thingName"",""thingTypeName""]",,,c7n.resources.iot.IoT
aws,kafka,kafka,ClusterArn,ClusterName,CreationTime,ClusterArn,,/,AWS::MSK::Cluster,AWS::MSK::Cluster,"[""list_clusters_v2"",""ClusterInfoList"",null]",,,,,False,<object object at 0x10c947d40>,[],,,c7n.resources.kafka.Kafka
aws,key-pair,ec2,KeyPairId,KeyName,,,key-pair,/,,,"[""describe_key_pairs"",""KeyPairs"",null]",,,key-,,False,False,[],,,c7n.resources.vpc.KeyPair
aws,kinesis,kinesis,StreamName,StreamName,,,stream,/,AWS::Kinesis::Stream,AWS::Kinesis::Stream,"[""list_streams"",""StreamNames"",null]","[""describe_stream"",""StreamName"",null,""StreamDescription""]",,,StreamName,False,True,[],,,c7n.resources.kinesis.KinesisStream
aws,kinesis-analytics,kinesisanalytics,ApplicationARN,ApplicationName,,ApplicationARN,application,/,,AWS::KinesisAnalytics::Application,"[""list_applications"",""ApplicationSummaries"",null]","[""describe_application"",""ApplicationName"",""ApplicationName"",""ApplicationDetail""]",,,,False,<object object at 0x10c947e20>,[],,,c7n.resources.kinesis.AnalyticsApp
aws,kinesis-analyticsv2,kinesisanalyticsv2,ApplicationARN,ApplicationName,,ApplicationARN,application,/,AWS::KinesisAnalyticsV2::Application,AWS::KinesisAnalyticsV2::Application,"[""list_applications"",""ApplicationSummaries"",null]","[""describe_application"",""ApplicationName"",""ApplicationName"",""ApplicationDetail""]",,,,False,<object object at 0x10c947e40>,[],,kinesisanalytics,c7n.resources.kinesis.KinesisAnalyticsAppV2
aws,kinesis-video,kinesisvideo,StreamName,StreamName,,StreamARN,stream,/,,,"[""list_streams"",""StreamInfoList"",null]",,,,StreamName,False,False,[],,,c7n.resources.kinesis.KinesisVideoStream
aws,kms,kms,AliasArn,AliasName,,,alias,/,AWS::KMS::Alias,AWS::KMS::Alias,"[""list_aliases"",""Aliases"",null]",,,,,False,False,[],,,c7n.resources.kms.KeyAlias
aws,kms-key,kms,KeyId,KeyId,,Arn,key,/,AWS::KMS::Key,AWS::KMS::Key,"[""list_keys"",""Keys"",null]","[""describe_key"",""KeyId"",""Arn"",""KeyMetadata""]",,,,False,True,[],,,c7n.resources.kms.Key
aws,lambda,lambda,FunctionName,FunctionName,LastModified,FunctionArn,function,:,AWS::Lambda::Function,AWS::Lambda::Function,"[""list_functions"",""Functions"",null]",,,,FunctionName,False,<object object at 0x10c946ae0>,[],,,c7n.resources.awslambda.AWSLambda
aws,lambda-layer,lambda,LayerName,LayerName,CreatedDate,LayerVersionArn,layer,/,,AWS::Lambda::LayerVersion,"[""list_layers"",""Layers"",null]",,,,,False,False,[],,,c7n.resources.awslambda.LambdaLayerVersion
aws,launch-config,autoscaling,LaunchConfigurationName,LaunchConfigurationName,CreatedTime,,launchConfiguration,/,AWS::AutoScaling::LaunchConfiguration,AWS::AutoScaling::LaunchConfiguration,"[""describe_launch_configurations"",""LaunchConfigurations"",null]",,,,,False,False,[],,,c7n.resources.asg.LaunchConfig
aws,launch-template-version,ec2,LaunchTemplateId,LaunchTemplateName,CreateTime,,launch-template,/,,AWS::EC2::LaunchTemplate,"[""describe_launch_templates"",""LaunchTemplates"",null]",,,lt-,,False,False,[],,,c7n.resources.ec2.LaunchTemplate
aws,lex-bot,lex-models,name,name,,,bot,/,AWS::Lex::Bot,AWS::Lex::Bot,"[""get_bots"",""bots"",null]",,,,,False,<object object at 0x10c947e90>,[],,lex,c7n.resources.lex.LexBot
aws,lightsail-db,lightsail,arn,name,createdAt,arn,,/,,,"[""get_relational_databases"",""relationalDatabases"",null]",,,,,False,False,[],,,c7n.resources.lightsail.Database
aws,lightsail-elb,lightsail,arn,name,createdAt,arn,,/,,,"[""get_load_balancers"",""loadBalancers"",null]",,,,,False,False,[],,,c7n.resources.lightsail.LoadBalancer
aws,lightsail-instance,lightsail,arn,name,createdAt,arn,,/,,,"[""get_instances"",""instances"",null]",,,,,False,False,[],,,c7n.resources.lightsail.Instance
aws,log-group,logs,logGroupName,logGroupName,creationTime,arn,log-group,/,,AWS::Logs::LogGroup,"[""describe_log_groups"",""logGroups"",null]",,,,LogGroupName,False,True,[],,,c7n.resources.cw.LogGroup
aws,log-metric,logs,filterName,filterName,creationTime,False,,/,,AWS::Logs::MetricFilter,"[""describe_metric_filters"",""metricFilters"",null]",,,,,False,False,[],,,c7n.resources.cw.LogMetric
aws,message-broker,mq,BrokerId,BrokerName,,BrokerArn,,/,AWS::AmazonMQ::Broker,AWS::AmazonMQ::Broker,"[""list_brokers"",""BrokerSummaries"",null]","[""describe_broker"",""BrokerId"",""BrokerId"",null]",,,Broker,False,False,[],,,c7n.resources.mq.MessageBroker
aws,message-config,mq,Id,Name,,Arn,configuration,/,,AWS::AmazonMQ::Configuration,"[""list_configurations"",""Configurations"",null]",,,,,False,<object object at 0x10c947ec0>,[],,,c7n.resources.mq.MessageConfig
aws,mirror-session,ec2,TrafficMirrorSessionId,TrafficMirrorSessionId,,,traffic-mirror-session,/,AWS::EC2::TrafficMirrorSession,AWS::EC2::TrafficMirrorSession,"[""describe_traffic_mirror_sessions"",""TrafficMirrorSessions"",null]",,,tms-,,False,<object object at 0x10f275160>,[],,,c7n.resources.vpc.TrafficMirrorSession
aws,mirror-target,ec2,TrafficMirrorTargetId,TrafficMirrorTargetId,,,traffic-mirror-target,/,AWS::EC2::TrafficMirrorTarget,AWS::EC2::TrafficMirrorTarget,"[""describe_traffic_mirror_targets"",""TrafficMirrorTargets"",null]",,,tmt-,,False,<object object at 0x10f275180>,[],,,c7n.resources.vpc.TrafficMirrorTarget
aws,ml-model,machinelearning,MLModelId,Name,CreatedAt,,mlmodel,/,,,"[""describe_ml_models"",""Results"",null]",,,,,False,False,[],"[""machinelearning:DescribeMLModels""]",,c7n.resources.ml.MLModel
aws,nat-gateway,ec2,NatGatewayId,NatGatewayId,CreateTime,,natgateway,/,AWS::EC2::NatGateway,AWS::EC2::NatGateway,"[""describe_nat_gateways"",""NatGateways"",null]",,,nat-,NatGatewayId,False,False,[],,,c7n.resources.vpc.NATGateway
aws,network-acl,ec2,NetworkAclId,NetworkAclId,,,network-acl,/,AWS::EC2::NetworkAcl,AWS::EC2::NetworkAcl,"[""describe_network_acls"",""NetworkAcls"",null]",,,acl-,,False,False,[],,,c7n.resources.vpc.NetworkAcl
aws,opensearch-serverless,opensearchserverless,id,name,,arn,arn,/,,AWS::OpenSearchServerless::Collection,"[""list_collections"",""collectionSummaries[]"",null]",,,,,False,False,[],,aoss,c7n.resources.opensearch.OpensearchServerless
aws,ops-item,ssm,OpsItemId,Title,,,opsitem,/,,,"[""describe_ops_items"",""OpsItemSummaries"",null]",,,,,False,False,"[""Status"",""Title"",""LastModifiedTime"",""CreatedBy"",""CreatedTime""]",,,c7n.resources.ssm.OpsItem
aws,opswork-cm,opsworkscm,ServerName,ServerName,CreatedAt,ServerArn,,/,,AWS::OpsWorksCM::Server,"[""describe_servers"",""Servers"",null]",,,,,False,False,[],,opsworks-cm,c7n.resources.opsworks.OpsworksCM
aws,opswork-stack,opsworks,StackId,Name,CreatedAt,Arn,,/,,AWS::OpsWorks::App,"[""describe_stacks"",""Stacks"",null]",,,,StackId,False,False,[],,,c7n.resources.opsworks.OpsworkStack
aws,org-account,organizations,Id,Name,,Arn,account,/,,,"[""list_accounts"",""Accounts"",null]",,,,,True,False,[],,,c7n.resources.org.OrgAccount
aws,org-policy,organizations,Id,Name,,Arn,policy,/,,,"[""list_policies"",""Policies"",null]",,,,,True,False,[],,,c7n.resources.org.OrgPolicy
aws,org-unit,organizations,Id,Name,,Arn,ou,/,,,,,,,,True,False,[],,,c7n.resources.org.OrgUnit
aws,peering-connection,ec2,VpcPeeringConnectionId,VpcPeeringConnectionId,,,vpc-peering-connection,/,AWS::EC2::VPCPeeringConnection,AWS::EC2::VPCPeeringConnection,"[""describe_vpc_peering_connections"",""VpcPeeringConnections"",null]",,,pcx-,,False,False,[],,,c7n.resources.vpc.PeeringConnection
aws,pinpoint-app,pinpoint,Id,Name,,Arn,apps,/,,AWS::Pinpoint::App,"[""get_apps"",""ApplicationsResponse.Item"",null]",,,,,False,True,[],,mobiletargeting,c7n.resources.pinpoint.PinpointApp
aws,prefix-list,ec2,PrefixListId,PrefixListName,,,prefix-list,/,AWS::EC2::PrefixList,AWS::EC2::PrefixList,"[""describe_managed_prefix_lists"",""PrefixLists"",null]",,,pl-,,False,<object object at 0x10f275120>,[],,,c7n.resources.vpc.PrefixList
aws,qldb,qldb,Name,Name,CreationDateTime,,ledger,/,AWS::QLDB::Ledger,AWS::QLDB::Ledger,"[""list_ledgers"",""Ledgers"",null]","[""describe_ledger"",""Name"",""Name"",null]",,,,False,<object object at 0x10c947f90>,[],,,c7n.resources.qldb.QLDB
aws,quicksight-group,quicksight,GroupName,GroupName,,Arn,group,/,,,"[""list_groups"",""GroupList"",null]",,,,,False,False,[],,,c7n.resources.quicksight.QuicksightGroup
aws,quicksight-user,quicksight,UserName,UserName,,Arn,user,/,,,"[""list_users"",""UserList"",null]",,,,,False,False,[],,,c7n.resources.quicksight.QuicksightUser
aws,r53domain,route53domains,DomainName,DomainName,,,r53domain,/,,,"[""list_domains"",""Domains"",null]",,,,,False,False,[],,,c7n.resources.route53.Route53Domain
aws,rds,rds,DBInstanceIdentifier,Endpoint.Address,InstanceCreateTime,DBInstanceArn,db,:,AWS::RDS::DBInstance,AWS::RDS::DBInstance,"[""describe_db_instances"",""DBInstances"",null]",,,,DBInstanceIdentifier,False,True,"[""DBInstanceIdentifier"",""DBName"",""Engine"",""EngineVersion"",""MultiAZ"",""AllocatedStorage"",""StorageEncrypted"",""PubliclyAccessible"",""InstanceCreateTime""]","[""rds:DescribeDBInstances""]",,c7n.resources.rds.RDS
aws,rds-cluster,rds,DBClusterIdentifier,DBClusterIdentifier,,DBClusterArn,cluster,:,AWS::RDS::DBCluster,AWS::RDS::DBCluster,"[""describe_db_clusters"",""DBClusters"",null]",,,,DBClusterIdentifier,False,True,[],"[""rds:DescribeDBClusters""]",,c7n.resources.rdscluster.RDSCluster
aws,rds-cluster-param-group,rds,DBClusterParameterGroupName,DBClusterParameterGroupName,,DBClusterParameterGroupArn,cluster-pg,/,,AWS::RDS::DBClusterParameterGroup,"[""describe_db_cluster_parameter_groups"",""DBClusterParameterGroups"",null]",,,,DBClusterParameterGroupName,False,<object object at 0x10f274350>,[],"[""rds:DescribeDBClusterParameterGroups""]",,c7n.resources.rdsparamgroup.RDSClusterParamGroup
aws,rds-cluster-snapshot,rds,DBClusterSnapshotIdentifier,DBClusterSnapshotIdentifier,SnapshotCreateTime,DBClusterSnapshotArn,cluster-snapshot,:,AWS::RDS::DBClusterSnapshot,,"[""describe_db_cluster_snapshots"",""DBClusterSnapshots"",null]",,,,,False,<object object at 0x10f2742e0>,[],"[""rds:DescribeDBClusterSnapshots""]",,c7n.resources.rdscluster.RDSClusterSnapshot
aws,rds-param-group,rds,DBParameterGroupName,DBParameterGroupName,,DBParameterGroupArn,pg,/,,AWS::RDS::DBParameterGroup,"[""describe_db_parameter_groups"",""DBParameterGroups"",null]",,,,DBParameterGroupName,False,<object object at 0x10f274340>,[],"[""rds:DescribeDBParameterGroups""]",,c7n.resources.rdsparamgroup.RDSParamGroup
aws,rds-proxy,rds,DBProxyName,DBProxyName,CreatedDate,DBProxyArn,db-proxy,/,,AWS::RDS::DBProxy,"[""describe_db_proxies"",""DBProxies"",null]",,,,,False,<object object at 0x10f274240>,[],"[""rds:DescribeDBProxies""]",,c7n.resources.rds.RDSProxy
aws,rds-reserved,rds,ReservedDBInstanceId,ReservedDBInstanceId,StartTime,ReservedDBInstanceArn,ri,/,,,"[""describe_reserved_db_instances"",""ReservedDBInstances"",null]",,,,,False,<object object at 0x10f274210>,[],"[""rds:DescribeReservedDBInstances""]",,c7n.resources.rds.ReservedRDS
aws,rds-snapshot,rds,DBSnapshotIdentifier,DBSnapshotIdentifier,SnapshotCreateTime,,snapshot,:,AWS::RDS::DBSnapshot,,"[""describe_db_snapshots"",""DBSnapshots"",null]",,,,,False,True,[],"[""rds:DescribeDBSnapshots""]",,c7n.resources.rds.RDSSnapshot
aws,rds-subnet-group,rds,DBSubnetGroupName,DBSubnetGroupName,,,subgrp,:,AWS::RDS::DBSubnetGroup,AWS::RDS::DBSubnetGroup,"[""describe_db_subnet_groups"",""DBSubnetGroups"",null]",,,,,False,<object object at 0x10f2741c0>,[],"[""rds:DescribeDBSubnetGroups""]",,c7n.resources.rds.RDSSubnetGroup
aws,rds-subscription,rds,CustSubscriptionId,CustSubscriptionId,SubscriptionCreateTime,EventSubscriptionArn,es,/,,AWS::RDS::EventSubscription,"[""describe_event_subscriptions"",""EventSubscriptionsList"",null]",,,,,False,<object object at 0x10f2740d0>,[],"[""rds:DescribeEventSubscriptions""]",,c7n.resources.rds.RDSSubscription
aws,readiness-check,route53-recovery-readiness,ReadinessCheckName,ReadinessCheckName,,,readiness-check,/,AWS::Route53RecoveryReadiness::ReadinessCheck,AWS::Route53RecoveryReadiness::ReadinessCheck,"[""list_readiness_checks"",""ReadinessChecks"",null]",,,,,True,False,[],,,c7n.resources.route53.ReadinessCheck
aws,recovery-cluster,route53-recovery-control-config,ClusterArn,ClusterArn,,,cluster,/,AWS::Route53RecoveryControl::Cluster,AWS::Route53RecoveryControl::Cluster,"[""list_clusters"",""Clusters"",null]",,,,,True,False,[],,,c7n.resources.route53.RecoveryCluster
aws,recovery-control-panel,route53-recovery-control-config,ControlPanelArn,ControlPanelArn,,,controlpanel,/,AWS::Route53RecoveryControl::ControlPanel,AWS::Route53RecoveryControl::ControlPanel,"[""list_control_panels"",""ControlPanels"",null]",,"[""recovery-cluster"",""ClusterArn"",null]",,,True,False,[],,,c7n.resources.route53.ControlPanel
aws,redshift,redshift,ClusterIdentifier,ClusterIdentifier,ClusterCreateTime,,cluster,:,AWS::Redshift::Cluster,AWS::Redshift::Cluster,"[""describe_clusters"",""Clusters"",null]",,,,ClusterIdentifier,False,False,[],,,c7n.resources.redshift.Redshift
aws,redshift-reserved,redshift,ReservedNodeId,ReservedNodeId,StartTime,,reserved-nodes,/,,,"[""describe_reserved_nodes"",""ReservedNodes"",null]",,,,,False,False,[],"[""redshift:DescribeReservedNodes""]",,c7n.resources.redshift.ReservedNode
aws,redshift-snapshot,redshift,SnapshotIdentifier,SnapshotIdentifier,SnapshotCreateTime,,snapshot,:,AWS::Redshift::ClusterSnapshot,,"[""describe_cluster_snapshots"",""Snapshots"",null]",,,,,False,True,[],,,c7n.resources.redshift.RedshiftSnapshot
aws,redshift-subnet-group,redshift,ClusterSubnetGroupName,ClusterSubnetGroupName,,,subnetgroup,:,AWS::Redshift::ClusterSubnetGroup,AWS::Redshift::ClusterSubnetGroup,"[""describe_cluster_subnet_groups"",""ClusterSubnetGroups"",null]",,,,,False,<object object at 0x10f274480>,[],,,c7n.resources.redshift.RedshiftSubnetGroup
aws,resolver-logs,route53resolver,Id,Name,,,resolver-query-log-config,/,,AWS::Route53Resolver::ResolverQueryLoggingConfig,"[""list_resolver_query_log_configs"",""ResolverQueryLogConfigs"",null]",,,,,False,False,[],,,c7n.resources.route53.ResolverQueryLogConfig
aws,rest-account,apigateway,account_id,account_id,,False,,/,,,,,,,,False,False,[],,,c7n.resources.apigw.RestAccount
aws,rest-api,apigateway,id,name,createdDate,,/restapis,/,AWS::ApiGateway::RestApi,AWS::ApiGateway::RestApi,"[""get_rest_apis"",""items"",null]",,,,GatewayName,False,<object object at 0x10c946290>,[],"[""apigateway:GET""]",,c7n.resources.apigw.RestApi
aws,rest-client-certificate,apigateway,clientCertificateId,client_certificate_id,,,,/,,AWS::ApiGateway::ClientCertificate,"[""get_client_certificates"",""items"",null]",,,,,False,False,[],"[""apigateway:GET""]",,c7n.resources.apigw.RestClientCertificate
aws,rest-resource,apigateway,id,path,,,,/,,AWS::ApiGateway::Resource,"[""get_resources"",""items"",null]",,"[""rest-api"",""restApiId"",null]",,,False,False,[],"[""apigateway:GET""]",,c7n.resources.apigw.RestResource
aws,rest-stage,apigateway,deploymentId,stageName,createdDate,,stages,/,AWS::ApiGateway::Stage,AWS::ApiGateway::Stage,"[""get_stages"",""item"",null]",,"[""rest-api"",""restApiId"",null]",,,False,True,[],"[""apigateway:GET""]",,c7n.resources.apigw.RestStage
aws,rest-vpclink,apigateway,id,name,,,,/,,AWS::ApiGateway::VpcLink,"[""get_vpc_links"",""items"",null]",,,,,False,False,[],"[""apigateway:GET""]",,c7n.resources.apigw.RestApiVpcLink
aws,route-table,ec2,RouteTableId,RouteTableId,,,route-table,/,AWS::EC2::RouteTable,AWS::EC2::RouteTable,"[""describe_route_tables"",""RouteTables"",null]",,,rtb-,,False,False,[],,,c7n.resources.vpc.RouteTable
aws,rrset,route53,Name,Name,,,rrset,/,,AWS::Route53::RecordSet,"[""list_resource_record_sets"",""ResourceRecordSets"",null]",,"[""hostedzone"",""HostedZoneId"",true]",,,True,False,[],,,c7n.resources.route53.ResourceRecordSet
aws,s3,s3,Name,Name,CreationDate,,,/,AWS::S3::Bucket,AWS::S3::Bucket,"[""list_buckets"",""Buckets[]"",null]","[""get_bucket_location"",""Bucket"",""Name"",""LocationConstraint""]",,,BucketName,False,False,[],,,c7n.resources.s3.S3
aws,s3-access-point,s3control,Name,Name,,AccessPointArn,accesspoint,/,,AWS::S3::AccessPoint,"[""list_access_points"",""AccessPointList"",null]",,,,,False,False,[],,s3,c7n.resources.s3control.AccessPoint
aws,s3-access-point-multi,s3control,Name,Name,,,accesspoint,/,,AWS::S3::MultiRegionAccessPoint,"[""list_multi_region_access_points"",""AccessPoints"",null]",,,,,False,False,[],,s3,c7n.resources.s3control.MultiRegionAccessPoint
aws,s3-directory,s3,Name,Name,CreationDate,,bucket,/,,AWS::S3Express::DirectoryBucket,"[""list_directory_buckets"",""Buckets[]"",null]",,,,BucketName,False,False,[],"[""s3express:ListAllMyDirectoryBuckets""]",s3express,c7n.resources.s3.S3Directory
aws,s3-storage-lens,s3control,Id,Id,,StorageLensArn,storage-lens,/,,AWS::S3::StorageLens,"[""list_storage_lens_configurations"",""StorageLensConfigurationList"",null]",,,,,False,<object object at 0x10f274960>,[],,s3,c7n.resources.s3control.StorageLens
aws,sagemaker-endpoint,sagemaker,EndpointArn,EndpointName,CreationTime,EndpointArn,,/,,AWS::SageMaker::Endpoint,"[""list_endpoints"",""Endpoints"",null]","[""describe_endpoint"",""EndpointName"",""EndpointName"",null]",,,,False,False,[],,,c7n.resources.sagemaker.SagemakerEndpoint
aws,sagemaker-endpoint-config,sagemaker,EndpointConfigArn,EndpointConfigName,CreationTime,EndpointConfigArn,,/,,AWS::SageMaker::EndpointConfig,"[""list_endpoint_configs"",""EndpointConfigs"",null]","[""describe_endpoint_config"",""EndpointConfigName"",""EndpointConfigName"",null]",,,,False,False,[],,,c7n.resources.sagemaker.SagemakerEndpointConfig
aws,sagemaker-job,sagemaker,TrainingJobArn,TrainingJobName,CreationTime,TrainingJobArn,,/,,,"[""list_training_jobs"",""TrainingJobSummaries"",null]","[""describe_training_job"",""TrainingJobName"",""TrainingJobName"",null]",,,,False,False,[],,,c7n.resources.sagemaker.SagemakerJob
aws,sagemaker-model,sagemaker,ModelArn,ModelName,CreationTime,ModelArn,,/,AWS::SageMaker::Model,AWS::SageMaker::Model,"[""list_models"",""Models"",null]","[""describe_model"",""ModelName"",""ModelName"",null]",,,,False,False,[],,,c7n.resources.sagemaker.Model
aws,sagemaker-notebook,sagemaker,NotebookInstanceArn,NotebookInstanceName,CreationTime,NotebookInstanceArn,,/,,AWS::SageMaker::NotebookInstance,"[""list_notebook_instances"",""NotebookInstances"",null]","[""describe_notebook_instance"",""NotebookInstanceName"",""NotebookInstanceName"",null]",,,,False,False,[],,,c7n.resources.sagemaker.NotebookInstance
aws,sagemaker-transform-job,sagemaker,TransformJobArn,TransformJobName,CreationTime,TransformJobArn,transform-job,/,,,"[""list_transform_jobs"",""TransformJobSummaries"",null]","[""describe_transform_job"",""TransformJobName"",""TransformJobName"",null]",,,,False,False,[],,,c7n.resources.sagemaker.SagemakerTransformJob
aws,scaling-policy,autoscaling,PolicyName,PolicyName,CreatedTime,,scalingPolicy,/,,AWS::AutoScaling::ScalingPolicy,"[""describe_policies"",""ScalingPolicies"",null]",,,,,False,False,[],,,c7n.resources.asg.ScalingPolicy
aws,secrets-manager,secretsmanager,Name,Name,,ARN,,/,AWS::SecretsManager::Secret,AWS::SecretsManager::Secret,"[""list_secrets"",""SecretList"",null]","[""describe_secret"",""SecretId"",""Name"",null]",,,,False,False,[],,,c7n.resources.secretsmanager.SecretsManager
aws,security-group,ec2,GroupId,GroupName,,,security-group,/,AWS::EC2::SecurityGroup,AWS::EC2::SecurityGroup,"[""describe_security_groups"",""SecurityGroups"",null]",,,sg-,,False,False,[],,,c7n.resources.vpc.SecurityGroup
aws,securityhub-finding,securityhub,Id,ProductName,,False,,/,,,"[""get_findings"",""Findings"",null]",,,,,False,False,[],,,c7n.resources.securityhub.SecurityhubFinding
aws,serverless-app,serverlessrepo,ApplicationId,Name,,ApplicationId,,/,,AWS::Serverless::Application,"[""list_applications"",""Applications"",null]",,,,,False,False,"[""ApplicationId"",""Name"",""CreationTime"",""SpdxLicenseId"",""Author""]",,,c7n.resources.sar.ServerlessApp
aws,service-quota,service-quotas,QuotaCode,QuotaName,,QuotaArn,,/,,,"[""list_services"",""Services"",{""MaxResults"":100}]",,,,,False,False,[],,servicequotas,c7n.resources.quotas.ServiceQuota
aws,service-quota-request,service-quotas,Id,Id,,,request,/,,,"[""list_requested_service_quota_change_history"",""RequestedQuotas"",null]",,,,,False,False,[],,servicequotas,c7n.resources.quotas.ServiceQuotaRequest
aws,ses-configuration-set,ses,Name,Name,,,configuration-set,/,,,"[""list_configuration_sets"",""ConfigurationSets"",null]",,,,,False,<object object at 0x10f274aa0>,[],,,c7n.resources.ses.SESConfigurationSet
aws,ses-email-identity,sesv2,IdentityName,IdentityName,,,identity,/,,AWS::SES::EmailIdentity,"[""list_email_identities"",""EmailIdentities"",null]","[""get_email_identity"",""EmailIdentity"",""IdentityName"",null]",,,,False,<object object at 0x10f274ab0>,[],,ses,c7n.resources.ses.SESEmailIdentity
aws,ses-receipt-rule-set,ses,Name,Name,,,receipt-rule-set,/,,,"[""list_receipt_rule_sets"",""RuleSets"",null]","[""describe_receipt_rule_set"",""RuleSetName"",""Name"",null]",,,,False,False,[],,,c7n.resources.ses.SESReceiptRuleSet
aws,shield-attack,shield,AttackId,AttackId,StartTime,False,,/,,,"[""list_attacks"",""Attacks"",null]","[""describe_attack"",""AttackId"",""AttackId"",""Attack""]",,,,False,False,[],,,c7n.resources.shield.ShieldAttack
aws,shield-protection,shield,Id,Name,,False,,/,AWS::Shield::Protection,,"[""list_protections"",""Protections"",null]",,,,,False,False,[],,,c7n.resources.shield.ShieldProtection
aws,simpledb,sdb,DomainName,DomainName,,,domain,/,,,"[""list_domains"",""DomainNames"",null]",,,,,False,False,[],,,c7n.resources.simpledb.SimpleDB
aws,snowball,snowball,JobId,Description,CreationDate,False,,/,,,"[""list_jobs"",""JobListEntries"",null]","[""describe_job"",""JobId"",""JobId"",""JobMetadata""]",,,,False,False,[],,,c7n.resources.snowball.Snowball
aws,snowball-cluster,snowball,ClusterId,Description,CreationDate,False,,/,,,"[""list_clusters"",""ClusterListEntries"",null]","[""describe_cluster"",""ClusterId"",""ClusterId"",""ClusterMetadata""]",,,,False,False,[],,,c7n.resources.snowball.SnowballCluster
aws,sns,sns,TopicArn,DisplayName,,,,/,AWS::SNS::Topic,AWS::SNS::Topic,"[""list_topics"",""Topics"",null]","[""get_topic_attributes"",""TopicArn"",""TopicArn"",""Attributes""]",,,TopicName,False,True,"[""TopicArn"",""DisplayName"",""SubscriptionsConfirmed"",""SubscriptionsPending"",""SubscriptionsDeleted""]",,,c7n.resources.sns.SNS
aws,sns-subscription,sns,SubscriptionArn,SubscriptionArn,,SubscriptionArn,,/,,AWS::SNS::Subscription,"[""list_subscriptions"",""Subscriptions"",null]",,,,SubscriptionArn,False,False,"[""SubscriptionArn"",""Owner"",""Protocol"",""Endpoint"",""TopicArn""]",,,c7n.resources.sns.SNSSubscription
aws,sqs,sqs,QueueUrl,QueueUrl,CreatedTimestamp,QueueArn,,/,AWS::SQS::Queue,AWS::SQS::Queue,"[""list_queues"",""QueueUrls"",{""MaxResults"":1000}]","[""get_queue_attributes"",""QueueUrl"",null,""Attributes""]",,,QueueName,False,<object object at 0x10f274b60>,"[""QueueArn"",""CreatedTimestamp"",""ApproximateNumberOfMessages""]",,,c7n.resources.sqs.SQS
aws,ssm-activation,ssm,ActivationId,Description,CreatedDate,False,,/,,,"[""describe_activations"",""ActivationList"",null]",,,,,False,False,[],,,c7n.resources.ssm.SSMActivation
aws,ssm-data-sync,ssm,SyncName,SyncName,,,resource-data-sync,/,,,"[""list_resource_data_sync"",""ResourceDataSyncItems"",null]",,,,,False,False,[],,,c7n.resources.ssm.SSMDataSync
aws,ssm-document,ssm,Name,Name,RegistrationDate,,document,/,AWS::SSM::Document,AWS::SSM::Document,"[""list_documents"",""DocumentIdentifiers"",{""Filters"":[{""Key"":""Owner"",""Values"":[""Self""]}]}]",,,,,False,False,[],,,c7n.resources.ssm.SSMDocument
aws,ssm-managed-instance,ssm,InstanceId,Name,RegistrationDate,,managed-instance,/,,,"[""describe_instance_information"",""InstanceInformationList"",null]",,,,,False,False,[],,,c7n.resources.ssm.ManagedInstance
aws,ssm-parameter,ssm,Name,Name,,,parameter,/,,AWS::SSM::Parameter,"[""describe_parameters"",""Parameters"",null]",,,,,False,True,[],,,c7n.resources.ssm.SSMParameter
aws,ssm-patch-group,ssm,PatchGroup,PatchGroup,,False,,/,,,"[""describe_patch_groups"",""Mappings"",null]",,,,,False,False,[],,,c7n.resources.ssm.SsmPatchGroup
aws,ssm-session-manager,ssm,SessionId,SessionId,,,session,/,,,"[""describe_sessions"",""Sessions"",null]",,,,,False,False,[],,,c7n.resources.ssm.SSMSessionManager
aws,step-machine,stepfunctions,stateMachineArn,name,creationDate,stateMachineArn,stateMachine,/,AWS::StepFunctions::StateMachine,AWS::StepFunctions::StateMachine,"[""list_state_machines"",""stateMachines"",null]","[""describe_state_machine"",""stateMachineArn"",""stateMachineArn"",null]",,,,False,False,[],,states,c7n.resources.sfn.StepFunction
aws,storage-gateway,storagegateway,GatewayARN,GatewayName,,GatewayARN,gateway,/,,,"[""list_gateways"",""Gateways"",null]",,,,,False,False,[],,,c7n.resources.storagegw.StorageGateway
aws,streaming-distribution,cloudfront,Id,DomainName,LastModifiedTime,ARN,streaming-distribution,/,AWS::CloudFront::StreamingDistribution,AWS::CloudFront::StreamingDistribution,"[""list_streaming_distributions"",""StreamingDistributionList.Items"",null]",,,,DistributionId,False,True,[],,,c7n.resources.cloudfront.StreamingDistribution
aws,subnet,ec2,SubnetId,SubnetId,,,subnet,/,AWS::EC2::Subnet,AWS::EC2::Subnet,"[""describe_subnets"",""Subnets"",null]",,,subnet-,,False,False,[],,,c7n.resources.vpc.Subnet
aws,support-case,support,caseId,displayId,timeCreated,False,,/,,,"[""describe_cases"",""cases"",null]",,,,,True,False,[],,,c7n.resources.support.SupportCase
aws,swf-domain,swf,name,name,,arn,,/,,,"[""list_domains"",""domainInfos"",{""registrationStatus"":""REGISTERED""}]",,,,,False,<object object at 0x10f274cc0>,[],,,c7n.resources.swf.SimpleWorkflowDomain
aws,timestream-database,timestream-write,Arn,DatabaseName,,Arn,,/,,,"[""list_databases"",""Databases"",{}]",,,,,False,False,[],,timestream,c7n.resources.timestream.TimestreamDatabase
aws,timestream-table,timestream-write,Arn,TableName,,Arn,,/,,,"[""list_tables"",""Tables"",{}]",,,,,False,False,[],,timestream,c7n.resources.timestream.TimestreamTable
aws,transfer-server,transfer,ServerId,ServerId,,,server,/,,AWS::Transfer::Server,"[""list_servers"",""Servers"",{""MaxResults"":60}]","[""describe_server"",""ServerId"",""ServerId"",null]",,,,False,False,[],,,c7n.resources.transfer.TransferServer
aws,transfer-user,transfer,UserName,UserName,,Arn,user,/,,AWS::Transfer::User,"[""list_users"",""Users"",null]","[""describe_user"",""UserName"",""UserName"",""User""]","[""transfer-server"",""ServerId"",true]",,,False,False,[],,,c7n.resources.transfer.TransferUser
aws,transit-attachment,ec2,TransitGatewayAttachmentId,TransitGatewayAttachmentId,,False,,/,,AWS::EC2::TransitGatewayAttachment,"[""describe_transit_gateway_attachments"",""TransitGatewayAttachments"",null]",,"[""transit-gateway"",""transit-gateway-id"",null]",tgw-attach-,,False,False,[],,,c7n.resources.vpc.TransitGatewayAttachment
aws,transit-gateway,ec2,TransitGatewayId,TransitGatewayId,,TransitGatewayArn,,/,AWS::EC2::TransitGateway,AWS::EC2::TransitGateway,"[""describe_transit_gateways"",""TransitGateways"",null]",,,tgw-,,False,False,[],,,c7n.resources.vpc.TransitGateway
aws,user-pool,cognito-idp,Id,Name,,Arn,userpool,/,AWS::Cognito::UserPool,AWS::Cognito::UserPool,"[""list_user_pools"",""UserPools"",{""MaxResults"":60}]","[""describe_user_pool"",""UserPoolId"",""Id"",""UserPool""]",,,,False,<object object at 0x10c946f00>,[],,,c7n.resources.cognito.CognitoUserPool
aws,vpc,ec2,VpcId,VpcId,,,vpc,/,AWS::EC2::VPC,AWS::EC2::VPC,"[""describe_vpcs"",""Vpcs"",null]",,,vpc-,,False,False,[],,,c7n.resources.vpc.Vpc
aws,vpc-endpoint,ec2,VpcEndpointId,VpcEndpointId,CreationTimestamp,,vpc-endpoint,/,AWS::EC2::VPCEndpoint,AWS::EC2::VPCEndpoint,"[""describe_vpc_endpoints"",""VpcEndpoints"",null]",,,vpce-,,False,<object object at 0x10f2750b0>,[],,,c7n.resources.vpc.VpcEndpoint
aws,vpn-connection,ec2,VpnConnectionId,VpnConnectionId,,,vpn-connection,/,AWS::EC2::VPNConnection,AWS::EC2::VPNConnection,"[""describe_vpn_connections"",""VpnConnections"",null]",,,vpn-,,False,False,[],,,c7n.resources.vpc.VPNConnection
aws,vpn-gateway,ec2,VpnGatewayId,VpnGatewayId,,,vpn-gateway,/,AWS::EC2::VPNGateway,AWS::EC2::VPNGateway,"[""describe_vpn_gateways"",""VpnGateways"",null]",,,vgw-,,False,False,[],,,c7n.resources.vpc.VPNGateway
aws,waf,waf,WebACLId,Name,,,webacl,/,AWS::WAF::WebACL,AWS::WAF::WebACL,"[""list_web_acls"",""WebACLs"",null]","[""get_web_acl"",""WebACLId"",""WebACLId"",""WebACL""]",,,WebACL,True,False,[],"[""waf:ListWebACLs""]",,c7n.resources.waf.WAF
aws,waf-regional,waf-regional,WebACLId,Name,,WebACLArn,webacl,/,AWS::WAFRegional::WebACL,AWS::WAFRegional::WebACL,"[""list_web_acls"",""WebACLs"",null]","[""get_web_acl"",""WebACLId"",""WebACLId"",""WebACL""]",,,WebACL,False,<object object at 0x10f2751a0>,[],"[""waf-regional:ListWebACLs""]",,c7n.resources.waf.RegionalWAF
aws,wafv2,wafv2,Id,Name,,ARN,webacl,/,AWS::WAFv2::WebACL,AWS::WAFv2::WebACL,"[""list_web_acls"",""WebACLs"",null]","[""get_web_acl"",""Id"",""Id"",""WebACL""]",,,WebACL,False,<object object at 0x10f2751b0>,[],"[""wafv2:ListWebACLs""]",,c7n.resources.waf.WAFV2
aws,workspaces,workspaces,WorkspaceId,WorkspaceId,,,workspace,/,AWS::WorkSpaces::Workspace,AWS::WorkSpaces::Workspace,"[""describe_workspaces"",""Workspaces"",null]",,,,WorkspaceId,False,True,[],,,c7n.resources.workspaces.Workspace
aws,workspaces-directory,workspaces,DirectoryId,DirectoryName,,,directory,/,,,"[""describe_workspace_directories"",""Directories"",null]",,,,,False,True,[],,,c7n.resources.workspaces.WorkspaceDirectory
aws,workspaces-image,workspaces,ImageId,ImageId,,,workspaceimage,/,,,"[""describe_workspace_images"",""Images"",null]",,,,,False,True,[],,,c7n.resources.workspaces.WorkspaceImage
aws,workspaces-web,workspaces-web,portalArn,displayName,,portalArn,portal,/,,,"[""list_portals"",""portals"",null]",,,,,False,False,[],,,c7n.resources.workspaces.WorkspacesWeb
aws,xray-group,xray,GroupName,GroupName,,GroupARN,group,/,,AWS::XRay::Group,"[""get_groups"",""Groups"",null]",,,,,False,<object object at 0x10f275280>,[],,,c7n.resources.xray.XRayGroup
aws,xray-rule,xray,RuleName,RuleName,,RuleARN,sampling-rule,/,,AWS::XRay::SamplingRule,"[""get_sampling_rules"",""SamplingRuleRecords"",null]",,,,,False,<object object at 0x10f275290>,[],,,c7n.resources.xray.XRaySamplingRule
